<?xml version="1.0" encoding="utf-8"?>
<?xml-stylesheet type="text/xsl" href="skosrdf2html.xslt"?>
<rdf:RDF
   xmlns:dc="http://purl.org/dc/terms/"
   xmlns:foaf="http://xmlns.com/foaf/0.1/"
   xmlns:rdf="http://www.w3.org/1999/02/22-rdf-syntax-ns#"
   xmlns:rdfs="http://www.w3.org/2000/01/rdf-schema#"
   xmlns="http://www.w3.org/2004/02/skos/core#" xml:base="http://www.ivoa.net/rdf/Vocabularies/AAkeys">
  <ConceptScheme rdf:about="">
    <dc:created>2009-10-07</dc:created>
    <dc:creator>
      <rdf:Description>
        <foaf:name>IVOA Semantics Working Group</foaf:name>
      </rdf:Description>
    </dc:creator>
    <dc:description xml:lang="en">This vocabulary is based on a set of keywords maintained jointly by the
publishers of the journals Astronomy and Astrophysics
(A&amp;amp;A), Monthly Notices of the Royal Astronomical Society
(MNRAS) and the Astrophysical Journal (ApJ), and updated on
an annual basis.  The different
journals are slightly inconsistent with each other; we have rather
arbitrarily used the 2008 list from the A&amp;amp;A web site.  The intended
usage of the vocabulary is to tag articles with descriptive keywords
to aid searching for articles on a particular topic.

The keywords are organised into categories which have been modelled as
hierarchical relationships.
Additionally, some of the keywords are grouped into collections which
has been mirrored in the SKOS version.
The vocabulary contains no definitions or related links as these are
not provided in the original keyword list, and only a handful of
alternative labels and scope notes that are present in the original
keyword list.</dc:description>
    <dc:title xml:lang="en">Vocabulary for Astronomy &amp; Astrophysics Journal keywords (Version 1.19)</dc:title>
    <hasTopConcept rdf:resource="#AstrometryAndCelestialMechanics"/>
    <hasTopConcept rdf:resource="#AstronomicalDataBases"/>
    <hasTopConcept rdf:resource="#AstronomicalInstrumentationMethodsAndTechniques"/>
    <hasTopConcept rdf:resource="#Cosmology"/>
    <hasTopConcept rdf:resource="#Galaxies"/>
    <hasTopConcept rdf:resource="#InterstellarMediumNebulae"/>
    <hasTopConcept rdf:resource="#PhysicalDataAndProcesses"/>
    <hasTopConcept rdf:resource="#SolarSystem"/>
    <hasTopConcept rdf:resource="#SourcesAsAFunctionOfWavelength"/>
    <hasTopConcept rdf:resource="#Stars"/>
    <hasTopConcept rdf:resource="#TheGalaxy"/>
    <hasTopConcept rdf:resource="#TheSun"/>
  </ConceptScheme>
  <Concept rdf:about="#AccelerationOfParticles">
    <broader rdf:resource="#PhysicalDataAndProcesses"/>
    <inScheme rdf:resource=""/>
    <prefLabel xml:lang="en">Acceleration of particles</prefLabel>
  </Concept>
  <Concept rdf:about="#AccretionAccretionDisks">
    <broader rdf:resource="#PhysicalDataAndProcesses"/>
    <inScheme rdf:resource=""/>
    <prefLabel xml:lang="en">Accretion, accretion disks</prefLabel>
  </Concept>
  <Concept rdf:about="#Astrobiology">
    <broader rdf:resource="#PhysicalDataAndProcesses"/>
    <inScheme rdf:resource=""/>
    <prefLabel xml:lang="en">Astrobiology</prefLabel>
  </Concept>
  <Concept rdf:about="#Astrochemistry">
    <broader rdf:resource="#PhysicalDataAndProcesses"/>
    <inScheme rdf:resource=""/>
    <prefLabel xml:lang="en">Astrochemistry</prefLabel>
  </Concept>
  <Concept rdf:about="#Astrometry">
    <broader rdf:resource="#AstrometryAndCelestialMechanics"/>
    <inScheme rdf:resource=""/>
    <prefLabel xml:lang="en">Astrometry</prefLabel>
  </Concept>
  <Concept rdf:about="#AstrometryAndCelestialMechanics">
    <inScheme rdf:resource=""/>
    <narrower rdf:resource="#Astrometry"/>
    <narrower rdf:resource="#CelestialMechanics"/>
    <narrower rdf:resource="#Eclipses"/>
    <narrower rdf:resource="#Ephemerides"/>
    <narrower rdf:resource="#Occultations"/>
    <narrower rdf:resource="#ReferenceSystems"/>
    <narrower rdf:resource="#Time"/>
    <prefLabel xml:lang="en">Astrometry and celestial mechanics</prefLabel>
  </Concept>
  <Concept rdf:about="#AstronomicalDataBases">
    <inScheme rdf:resource=""/>
    <narrower rdf:resource="#AstronomicalDataBasesMiscellaneous"/>
    <narrower rdf:resource="#Atlases"/>
    <narrower rdf:resource="#Catalogs"/>
    <narrower rdf:resource="#Surveys"/>
    <prefLabel xml:lang="en">Astronomical data bases</prefLabel>
  </Concept>
  <Concept rdf:about="#AstronomicalDataBasesMiscellaneous">
    <broader rdf:resource="#AstronomicalDataBases"/>
    <inScheme rdf:resource=""/>
    <prefLabel xml:lang="en">Astronomical data bases: miscellaneous</prefLabel>
  </Concept>
  <Concept rdf:about="#AstronomicalInstrumentationMethodsAndTechniques">
    <inScheme rdf:resource=""/>
    <narrower rdf:resource="#AtmosphericEffects"/>
    <narrower rdf:resource="#Balloons"/>
    <narrower rdf:resource="#InstrumentationAdaptiveOptics"/>
    <narrower rdf:resource="#InstrumentationDetectors"/>
    <narrower rdf:resource="#InstrumentationHighAngularResolution"/>
    <narrower rdf:resource="#InstrumentationInterferometers"/>
    <narrower rdf:resource="#InstrumentationMiscellaneous"/>
    <narrower rdf:resource="#InstrumentationPhotometers"/>
    <narrower rdf:resource="#InstrumentationPolarimeters"/>
    <narrower rdf:resource="#InstrumentationSpectrographs"/>
    <narrower rdf:resource="#LightPollution"/>
    <narrower rdf:resource="#MethodsAnalytical"/>
    <narrower rdf:resource="#MethodsDataAnalysis"/>
    <narrower rdf:resource="#MethodsLaboratory"/>
    <narrower rdf:resource="#MethodsMiscellaneous"/>
    <narrower rdf:resource="#MethodsNbodySimulations"/>
    <narrower rdf:resource="#MethodsNumerical"/>
    <narrower rdf:resource="#MethodsObservational"/>
    <narrower rdf:resource="#MethodsStatistical"/>
    <narrower rdf:resource="#SiteTesting"/>
    <narrower rdf:resource="#SpaceVehicles"/>
    <narrower rdf:resource="#SpaceVehiclesInstruments"/>
    <narrower rdf:resource="#TechniquesHighAngularResolution"/>
    <narrower rdf:resource="#TechniquesImageProcessing"/>
    <narrower rdf:resource="#TechniquesInterferometric"/>
    <narrower rdf:resource="#TechniquesMiscellaneous"/>
    <narrower rdf:resource="#TechniquesPhotometric"/>
    <narrower rdf:resource="#TechniquesPolarimetric"/>
    <narrower rdf:resource="#TechniquesRadarAstronomy"/>
    <narrower rdf:resource="#TechniquesRadialVelocities"/>
    <narrower rdf:resource="#TechniquesSpectroscopic"/>
    <narrower rdf:resource="#Telescopes"/>
    <prefLabel xml:lang="en">Astronomical instrumentation, methods and techniques</prefLabel>
  </Concept>
  <Concept rdf:about="#Atlases">
    <broader rdf:resource="#AstronomicalDataBases"/>
    <inScheme rdf:resource=""/>
    <prefLabel xml:lang="en">Atlases</prefLabel>
  </Concept>
  <Concept rdf:about="#AtmosphericEffects">
    <broader rdf:resource="#AstronomicalInstrumentationMethodsAndTechniques"/>
    <inScheme rdf:resource=""/>
    <prefLabel xml:lang="en">Atmospheric effects</prefLabel>
  </Concept>
  <Concept rdf:about="#AtomicData">
    <broader rdf:resource="#PhysicalDataAndProcesses"/>
    <inScheme rdf:resource=""/>
    <prefLabel xml:lang="en">Atomic data</prefLabel>
  </Concept>
  <Concept rdf:about="#AtomicProcesses">
    <broader rdf:resource="#PhysicalDataAndProcesses"/>
    <inScheme rdf:resource=""/>
    <prefLabel xml:lang="en">Atomic processes</prefLabel>
  </Concept>
  <Concept rdf:about="#Balloons">
    <broader rdf:resource="#AstronomicalInstrumentationMethodsAndTechniques"/>
    <inScheme rdf:resource=""/>
    <prefLabel xml:lang="en">Balloons</prefLabel>
  </Concept>
  <Concept rdf:about="#BlackHolePhysics">
    <broader rdf:resource="#PhysicalDataAndProcesses"/>
    <inScheme rdf:resource=""/>
    <prefLabel xml:lang="en">Black hole physics</prefLabel>
  </Concept>
  <Concept rdf:about="#Catalogs">
    <broader rdf:resource="#AstronomicalDataBases"/>
    <inScheme rdf:resource=""/>
    <prefLabel xml:lang="en">Catalogs</prefLabel>
  </Concept>
  <Concept rdf:about="#CelestialMechanics">
    <broader rdf:resource="#AstrometryAndCelestialMechanics"/>
    <inScheme rdf:resource=""/>
    <prefLabel xml:lang="en">Celestial mechanics</prefLabel>
  </Concept>
  <Concept rdf:about="#Chaos">
    <broader rdf:resource="#PhysicalDataAndProcesses"/>
    <inScheme rdf:resource=""/>
    <prefLabel xml:lang="en">Chaos</prefLabel>
  </Concept>
  <Concept rdf:about="#CometsGeneral">
    <broader rdf:resource="#SolarSystem"/>
    <inScheme rdf:resource=""/>
    <prefLabel xml:lang="en">Comets: general</prefLabel>
  </Concept>
  <Concept rdf:about="#Conduction">
    <broader rdf:resource="#PhysicalDataAndProcesses"/>
    <inScheme rdf:resource=""/>
    <prefLabel xml:lang="en">Conduction</prefLabel>
  </Concept>
  <Concept rdf:about="#Convection">
    <broader rdf:resource="#PhysicalDataAndProcesses"/>
    <inScheme rdf:resource=""/>
    <prefLabel xml:lang="en">Convection</prefLabel>
  </Concept>
  <Concept rdf:about="#Cosmology">
    <inScheme rdf:resource=""/>
    <narrower rdf:resource="#CosmologyCosmicMicrowaveBackground"/>
    <narrower rdf:resource="#CosmologyCosmologicalParameters"/>
    <narrower rdf:resource="#CosmologyDarkMatter"/>
    <narrower rdf:resource="#CosmologyDiffuseRadiation"/>
    <narrower rdf:resource="#CosmologyDistanceScale"/>
    <narrower rdf:resource="#CosmologyEarlyUniverse"/>
    <narrower rdf:resource="#CosmologyLargescaleStructureOfUniverse"/>
    <narrower rdf:resource="#CosmologyMiscellaneous"/>
    <narrower rdf:resource="#CosmologyObservations"/>
    <narrower rdf:resource="#CosmologyTheory"/>
    <prefLabel xml:lang="en">Cosmology</prefLabel>
  </Concept>
  <Concept rdf:about="#CosmologyCosmicMicrowaveBackground">
    <altLabel xml:lang="en">CMB</altLabel>
    <broader rdf:resource="#Cosmology"/>
    <inScheme rdf:resource=""/>
    <prefLabel xml:lang="en">Cosmic microwave background</prefLabel>
  </Concept>
  <Concept rdf:about="#CosmologyCosmologicalParameters">
    <broader rdf:resource="#Cosmology"/>
    <inScheme rdf:resource=""/>
    <prefLabel xml:lang="en">Cosmological parameters</prefLabel>
  </Concept>
  <Concept rdf:about="#CosmologyDarkMatter">
    <broader rdf:resource="#Cosmology"/>
    <inScheme rdf:resource=""/>
    <prefLabel xml:lang="en">Dark matter</prefLabel>
  </Concept>
  <Concept rdf:about="#CosmologyDiffuseRadiation">
    <broader rdf:resource="#Cosmology"/>
    <inScheme rdf:resource=""/>
    <prefLabel xml:lang="en">Diffuse radiation</prefLabel>
  </Concept>
  <Concept rdf:about="#CosmologyDistanceScale">
    <broader rdf:resource="#Cosmology"/>
    <inScheme rdf:resource=""/>
    <prefLabel xml:lang="en">Distance scale</prefLabel>
  </Concept>
  <Concept rdf:about="#CosmologyEarlyUniverse">
    <broader rdf:resource="#Cosmology"/>
    <inScheme rdf:resource=""/>
    <prefLabel xml:lang="en">Early universe</prefLabel>
  </Concept>
  <Concept rdf:about="#CosmologyLargescaleStructureOfUniverse">
    <broader rdf:resource="#Cosmology"/>
    <inScheme rdf:resource=""/>
    <prefLabel xml:lang="en">Large-scale structure of Universe</prefLabel>
  </Concept>
  <Concept rdf:about="#CosmologyMiscellaneous">
    <broader rdf:resource="#Cosmology"/>
    <inScheme rdf:resource=""/>
    <prefLabel xml:lang="en">Cosmology: miscellaneous</prefLabel>
  </Concept>
  <Concept rdf:about="#CosmologyObservations">
    <broader rdf:resource="#Cosmology"/>
    <inScheme rdf:resource=""/>
    <prefLabel xml:lang="en">Cosmology: observations</prefLabel>
  </Concept>
  <Concept rdf:about="#CosmologyTheory">
    <broader rdf:resource="#Cosmology"/>
    <inScheme rdf:resource=""/>
    <prefLabel xml:lang="en">Cosmology: theory</prefLabel>
  </Concept>
  <Concept rdf:about="#DenseMatter">
    <broader rdf:resource="#PhysicalDataAndProcesses"/>
    <inScheme rdf:resource=""/>
    <prefLabel xml:lang="en">Dense matter</prefLabel>
  </Concept>
  <Concept rdf:about="#Diffusion">
    <broader rdf:resource="#PhysicalDataAndProcesses"/>
    <inScheme rdf:resource=""/>
    <prefLabel xml:lang="en">Diffusion</prefLabel>
  </Concept>
  <Concept rdf:about="#Earth">
    <broader rdf:resource="#SolarSystem"/>
    <inScheme rdf:resource=""/>
    <prefLabel xml:lang="en">Earth</prefLabel>
  </Concept>
  <Concept rdf:about="#Eclipses">
    <broader rdf:resource="#AstrometryAndCelestialMechanics"/>
    <inScheme rdf:resource=""/>
    <prefLabel xml:lang="en">Eclipses</prefLabel>
  </Concept>
  <Concept rdf:about="#ElementaryParticles">
    <broader rdf:resource="#PhysicalDataAndProcesses"/>
    <inScheme rdf:resource=""/>
    <prefLabel xml:lang="en">Elementary particles</prefLabel>
  </Concept>
  <Concept rdf:about="#Ephemerides">
    <broader rdf:resource="#AstrometryAndCelestialMechanics"/>
    <inScheme rdf:resource=""/>
    <prefLabel xml:lang="en">Ephemerides</prefLabel>
  </Concept>
  <Concept rdf:about="#EquationOfState">
    <broader rdf:resource="#PhysicalDataAndProcesses"/>
    <inScheme rdf:resource=""/>
    <prefLabel xml:lang="en">Equation of state</prefLabel>
  </Concept>
  <Concept rdf:about="#Galaxies">
    <inScheme rdf:resource=""/>
    <narrower rdf:resource="#GalaxiesAbundances"/>
    <narrower rdf:resource="#GalaxiesActive"/>
    <narrower rdf:resource="#GalaxiesBlLacertaeObjectsGeneral"/>
    <narrower rdf:resource="#GalaxiesBulges"/>
    <narrower rdf:resource="#GalaxiesClustersGeneral"/>
    <narrower rdf:resource="#GalaxiesCoolingFlows"/>
    <narrower rdf:resource="#GalaxiesDistancesAndRedshifts"/>
    <narrower rdf:resource="#GalaxiesDwarf"/>
    <narrower rdf:resource="#GalaxiesEllipticalAndLenticularCd"/>
    <narrower rdf:resource="#GalaxiesEvolution"/>
    <narrower rdf:resource="#GalaxiesFormation"/>
    <narrower rdf:resource="#GalaxiesFundamentalParameters"/>
    <narrower rdf:resource="#GalaxiesGeneral"/>
    <narrower rdf:resource="#GalaxiesHalos"/>
    <narrower rdf:resource="#GalaxiesHighredshift"/>
    <narrower rdf:resource="#GalaxiesInteractions"/>
    <narrower rdf:resource="#GalaxiesIntergalacticMedium"/>
    <narrower rdf:resource="#GalaxiesIrregular"/>
    <narrower rdf:resource="#GalaxiesIsm"/>
    <narrower rdf:resource="#GalaxiesJets"/>
    <narrower rdf:resource="#GalaxiesKinematicsAndDynamics"/>
    <narrower rdf:resource="#GalaxiesLocalGroup"/>
    <narrower rdf:resource="#GalaxiesLuminosityFunctionMassFunction"/>
    <narrower rdf:resource="#GalaxiesMagellanicClouds"/>
    <narrower rdf:resource="#GalaxiesMagneticFields"/>
    <narrower rdf:resource="#GalaxiesNuclei"/>
    <narrower rdf:resource="#GalaxiesPeculiar"/>
    <narrower rdf:resource="#GalaxiesPhotometry"/>
    <narrower rdf:resource="#GalaxiesQuasarsAbsorptionLines"/>
    <narrower rdf:resource="#GalaxiesQuasarsEmissionLines"/>
    <narrower rdf:resource="#GalaxiesQuasarsGeneral"/>
    <narrower rdf:resource="#GalaxiesSeyfert"/>
    <narrower rdf:resource="#GalaxiesSpiral"/>
    <narrower rdf:resource="#GalaxiesStarClusters"/>
    <narrower rdf:resource="#GalaxiesStarburst"/>
    <narrower rdf:resource="#GalaxiesStatistics"/>
    <narrower rdf:resource="#GalaxiesStellarContent"/>
    <narrower rdf:resource="#GalaxiesStructure"/>
    <prefLabel xml:lang="en">Galaxies</prefLabel>
  </Concept>
  <Concept rdf:about="#GalaxiesAbundances">
    <broader rdf:resource="#Galaxies"/>
    <inScheme rdf:resource=""/>
    <prefLabel xml:lang="en">Galaxies: abundances</prefLabel>
  </Concept>
  <Concept rdf:about="#GalaxiesActive">
    <broader rdf:resource="#Galaxies"/>
    <inScheme rdf:resource=""/>
    <prefLabel xml:lang="en">Galaxies: active</prefLabel>
  </Concept>
  <Concept rdf:about="#GalaxiesBlLacertaeObjectsGeneral">
    <broader rdf:resource="#Galaxies"/>
    <inScheme rdf:resource=""/>
    <prefLabel xml:lang="en">BL Lacertae objects: general</prefLabel>
  </Concept>
  <Concept rdf:about="#GalaxiesBulges">
    <broader rdf:resource="#Galaxies"/>
    <inScheme rdf:resource=""/>
    <prefLabel xml:lang="en">Galaxies: bulges</prefLabel>
  </Concept>
  <Concept rdf:about="#GalaxiesClustersGeneral">
    <broader rdf:resource="#Galaxies"/>
    <inScheme rdf:resource=""/>
    <prefLabel xml:lang="en">Galaxies: clusters: general</prefLabel>
  </Concept>
  <Concept rdf:about="#GalaxiesCoolingFlows">
    <broader rdf:resource="#Galaxies"/>
    <inScheme rdf:resource=""/>
    <prefLabel xml:lang="en">Cooling flows</prefLabel>
  </Concept>
  <Concept rdf:about="#GalaxiesDistancesAndRedshifts">
    <broader rdf:resource="#Galaxies"/>
    <inScheme rdf:resource=""/>
    <prefLabel xml:lang="en">Galaxies: distances and redshifts</prefLabel>
  </Concept>
  <Concept rdf:about="#GalaxiesDwarf">
    <broader rdf:resource="#Galaxies"/>
    <inScheme rdf:resource=""/>
    <prefLabel xml:lang="en">Galaxies: dwarf</prefLabel>
  </Concept>
  <Concept rdf:about="#GalaxiesEllipticalAndLenticularCd">
    <broader rdf:resource="#Galaxies"/>
    <inScheme rdf:resource=""/>
    <prefLabel xml:lang="en">Galaxies: elliptical and lenticular, cD</prefLabel>
  </Concept>
  <Concept rdf:about="#GalaxiesEvolution">
    <broader rdf:resource="#Galaxies"/>
    <inScheme rdf:resource=""/>
    <prefLabel xml:lang="en">Galaxies: evolution</prefLabel>
  </Concept>
  <Concept rdf:about="#GalaxiesFormation">
    <broader rdf:resource="#Galaxies"/>
    <inScheme rdf:resource=""/>
    <prefLabel xml:lang="en">Galaxies: formation</prefLabel>
  </Concept>
  <Concept rdf:about="#GalaxiesFundamentalParameters">
    <broader rdf:resource="#Galaxies"/>
    <inScheme rdf:resource=""/>
    <prefLabel xml:lang="en">Galaxies: fundamental parameters</prefLabel>
    <scopeNote>Classification, colors, luminosities, masses, radii, temperatures, etc.</scopeNote>
  </Concept>
  <Concept rdf:about="#GalaxiesGeneral">
    <broader rdf:resource="#Galaxies"/>
    <inScheme rdf:resource=""/>
    <prefLabel xml:lang="en">Galaxies: general</prefLabel>
  </Concept>
  <Concept rdf:about="#GalaxiesHalos">
    <broader rdf:resource="#Galaxies"/>
    <inScheme rdf:resource=""/>
    <prefLabel xml:lang="en">Galaxies: halos</prefLabel>
  </Concept>
  <Concept rdf:about="#GalaxiesHighredshift">
    <broader rdf:resource="#Galaxies"/>
    <inScheme rdf:resource=""/>
    <prefLabel xml:lang="en">Galaxies: high-redshift</prefLabel>
  </Concept>
  <Concept rdf:about="#GalaxiesInteractions">
    <broader rdf:resource="#Galaxies"/>
    <inScheme rdf:resource=""/>
    <prefLabel xml:lang="en">Galaxies: interactions</prefLabel>
  </Concept>
  <Concept rdf:about="#GalaxiesIntergalacticMedium">
    <altLabel xml:lang="en">IGM</altLabel>
    <broader rdf:resource="#Galaxies"/>
    <inScheme rdf:resource=""/>
    <prefLabel xml:lang="en">Intergalactic medium</prefLabel>
  </Concept>
  <Concept rdf:about="#GalaxiesIrregular">
    <broader rdf:resource="#Galaxies"/>
    <inScheme rdf:resource=""/>
    <prefLabel xml:lang="en">Galaxies: irregular</prefLabel>
  </Concept>
  <Concept rdf:about="#GalaxiesIsm">
    <broader rdf:resource="#Galaxies"/>
    <inScheme rdf:resource=""/>
    <prefLabel xml:lang="en">Galaxies: ISM</prefLabel>
  </Concept>
  <Concept rdf:about="#GalaxiesJets">
    <broader rdf:resource="#Galaxies"/>
    <inScheme rdf:resource=""/>
    <prefLabel xml:lang="en">Galaxies: jets</prefLabel>
  </Concept>
  <Concept rdf:about="#GalaxiesKinematicsAndDynamics">
    <broader rdf:resource="#Galaxies"/>
    <inScheme rdf:resource=""/>
    <prefLabel xml:lang="en">Galaxies: kinematics and dynamics</prefLabel>
  </Concept>
  <Concept rdf:about="#GalaxiesLocalGroup">
    <broader rdf:resource="#Galaxies"/>
    <inScheme rdf:resource=""/>
    <prefLabel xml:lang="en">Local Group</prefLabel>
  </Concept>
  <Concept rdf:about="#GalaxiesLuminosityFunctionMassFunction">
    <broader rdf:resource="#Galaxies"/>
    <inScheme rdf:resource=""/>
    <prefLabel xml:lang="en">Galaxies: luminosity function, mass function</prefLabel>
  </Concept>
  <Concept rdf:about="#GalaxiesMagellanicClouds">
    <altLabel xml:lang="en">LMC</altLabel>
    <altLabel xml:lang="en">SMC</altLabel>
    <broader rdf:resource="#Galaxies"/>
    <inScheme rdf:resource=""/>
    <prefLabel xml:lang="en">Magellanic Clouds</prefLabel>
  </Concept>
  <Concept rdf:about="#GalaxiesMagneticFields">
    <broader rdf:resource="#Galaxies"/>
    <inScheme rdf:resource=""/>
    <prefLabel xml:lang="en">Galaxies: magnetic fields</prefLabel>
  </Concept>
  <Concept rdf:about="#GalaxiesNuclei">
    <broader rdf:resource="#Galaxies"/>
    <inScheme rdf:resource=""/>
    <prefLabel xml:lang="en">Galaxies: nuclei</prefLabel>
  </Concept>
  <Concept rdf:about="#GalaxiesPeculiar">
    <broader rdf:resource="#Galaxies"/>
    <inScheme rdf:resource=""/>
    <prefLabel xml:lang="en">Galaxies: peculiar</prefLabel>
  </Concept>
  <Concept rdf:about="#GalaxiesPhotometry">
    <broader rdf:resource="#Galaxies"/>
    <inScheme rdf:resource=""/>
    <prefLabel xml:lang="en">Galaxies: photometry</prefLabel>
  </Concept>
  <Concept rdf:about="#GalaxiesQuasarsAbsorptionLines">
    <broader rdf:resource="#Galaxies"/>
    <inScheme rdf:resource=""/>
    <prefLabel xml:lang="en">Quasars: absorption lines</prefLabel>
  </Concept>
  <Concept rdf:about="#GalaxiesQuasarsEmissionLines">
    <broader rdf:resource="#Galaxies"/>
    <inScheme rdf:resource=""/>
    <prefLabel xml:lang="en">Quasars: emission lines</prefLabel>
  </Concept>
  <Concept rdf:about="#GalaxiesQuasarsGeneral">
    <broader rdf:resource="#Galaxies"/>
    <inScheme rdf:resource=""/>
    <prefLabel xml:lang="en">Quasars: general</prefLabel>
  </Concept>
  <Concept rdf:about="#GalaxiesSeyfert">
    <broader rdf:resource="#Galaxies"/>
    <inScheme rdf:resource=""/>
    <prefLabel xml:lang="en">Galaxies: Seyfert</prefLabel>
  </Concept>
  <Concept rdf:about="#GalaxiesSpiral">
    <broader rdf:resource="#Galaxies"/>
    <inScheme rdf:resource=""/>
    <prefLabel xml:lang="en">Galaxies: spiral</prefLabel>
  </Concept>
  <Concept rdf:about="#GalaxiesStarClusters">
    <broader rdf:resource="#Galaxies"/>
    <inScheme rdf:resource=""/>
    <prefLabel xml:lang="en">Galaxies: star clusters</prefLabel>
  </Concept>
  <Concept rdf:about="#GalaxiesStarburst">
    <broader rdf:resource="#Galaxies"/>
    <inScheme rdf:resource=""/>
    <prefLabel xml:lang="en">Galaxies: starburst</prefLabel>
  </Concept>
  <Concept rdf:about="#GalaxiesStatistics">
    <broader rdf:resource="#Galaxies"/>
    <inScheme rdf:resource=""/>
    <prefLabel xml:lang="en">Galaxies: statistics</prefLabel>
  </Concept>
  <Concept rdf:about="#GalaxiesStellarContent">
    <broader rdf:resource="#Galaxies"/>
    <inScheme rdf:resource=""/>
    <prefLabel xml:lang="en">Galaxies: stellar content</prefLabel>
  </Concept>
  <Concept rdf:about="#GalaxiesStructure">
    <broader rdf:resource="#Galaxies"/>
    <inScheme rdf:resource=""/>
    <prefLabel xml:lang="en">Galaxies: structure</prefLabel>
  </Concept>
  <Concept rdf:about="#GalaxyAbundances">
    <broader rdf:resource="#TheGalaxy"/>
    <inScheme rdf:resource=""/>
    <prefLabel xml:lang="en">Galaxy: abundances</prefLabel>
  </Concept>
  <Concept rdf:about="#GalaxyBulge">
    <broader rdf:resource="#TheGalaxy"/>
    <inScheme rdf:resource=""/>
    <prefLabel xml:lang="en">Galaxy: bulge</prefLabel>
  </Concept>
  <Concept rdf:about="#GalaxyCenter">
    <broader rdf:resource="#TheGalaxy"/>
    <inScheme rdf:resource=""/>
    <prefLabel xml:lang="en">Galaxy: center</prefLabel>
  </Concept>
  <Concept rdf:about="#GalaxyDisk">
    <broader rdf:resource="#TheGalaxy"/>
    <inScheme rdf:resource=""/>
    <prefLabel xml:lang="en">Galaxy: disk</prefLabel>
  </Concept>
  <Concept rdf:about="#GalaxyEvolution">
    <broader rdf:resource="#TheGalaxy"/>
    <inScheme rdf:resource=""/>
    <prefLabel xml:lang="en">Galaxy: evolution</prefLabel>
  </Concept>
  <Concept rdf:about="#GalaxyFormation">
    <broader rdf:resource="#TheGalaxy"/>
    <inScheme rdf:resource=""/>
    <prefLabel xml:lang="en">Galaxy: formation</prefLabel>
  </Concept>
  <Concept rdf:about="#GalaxyFundamentalParameters">
    <broader rdf:resource="#TheGalaxy"/>
    <inScheme rdf:resource=""/>
    <prefLabel xml:lang="en">Galaxy: fundamental parameters</prefLabel>
  </Concept>
  <Concept rdf:about="#GalaxyGeneral">
    <broader rdf:resource="#TheGalaxy"/>
    <inScheme rdf:resource=""/>
    <prefLabel xml:lang="en">Galaxy: general</prefLabel>
  </Concept>
  <Concept rdf:about="#GalaxyGlobularClustersGeneral">
    <broader rdf:resource="#TheGalaxy"/>
    <inScheme rdf:resource=""/>
    <prefLabel xml:lang="en">Globular clusters: general</prefLabel>
  </Concept>
  <Concept rdf:about="#GalaxyHalo">
    <broader rdf:resource="#TheGalaxy"/>
    <inScheme rdf:resource=""/>
    <prefLabel xml:lang="en">Galaxy: halo</prefLabel>
  </Concept>
  <Concept rdf:about="#GalaxyKinematicsAndDynamics">
    <broader rdf:resource="#TheGalaxy"/>
    <inScheme rdf:resource=""/>
    <prefLabel xml:lang="en">Galaxy: kinematics and dynamics</prefLabel>
  </Concept>
  <Concept rdf:about="#GalaxyNucleus">
    <broader rdf:resource="#TheGalaxy"/>
    <inScheme rdf:resource=""/>
    <prefLabel xml:lang="en">Galaxy: nucleus</prefLabel>
  </Concept>
  <Concept rdf:about="#GalaxyOpenClustersAndAssociationsgeneral">
    <broader rdf:resource="#TheGalaxy"/>
    <inScheme rdf:resource=""/>
    <prefLabel xml:lang="en">Open clusters and associations:general</prefLabel>
  </Concept>
  <Concept rdf:about="#GalaxySolarNeighbourhood">
    <broader rdf:resource="#TheGalaxy"/>
    <inScheme rdf:resource=""/>
    <prefLabel xml:lang="en">Solar neighbourhood</prefLabel>
  </Concept>
  <Concept rdf:about="#GalaxyStellarContent">
    <broader rdf:resource="#TheGalaxy"/>
    <inScheme rdf:resource=""/>
    <prefLabel xml:lang="en">Galaxy: stellar content</prefLabel>
  </Concept>
  <Concept rdf:about="#GalaxyStructure">
    <broader rdf:resource="#TheGalaxy"/>
    <inScheme rdf:resource=""/>
    <prefLabel xml:lang="en">Galaxy: structure</prefLabel>
  </Concept>
  <Concept rdf:about="#GammaRaysBursts">
    <altLabel xml:lang="en">GRB</altLabel>
    <broader rdf:resource="#SourcesAsAFunctionOfWavelength"/>
    <inScheme rdf:resource=""/>
    <prefLabel xml:lang="en">Gamma rays: bursts</prefLabel>
  </Concept>
  <Concept rdf:about="#GammaRaysObservations">
    <broader rdf:resource="#SourcesAsAFunctionOfWavelength"/>
    <inScheme rdf:resource=""/>
    <prefLabel xml:lang="en">Gamma rays: observations</prefLabel>
  </Concept>
  <Concept rdf:about="#GammaRaysTheory">
    <broader rdf:resource="#SourcesAsAFunctionOfWavelength"/>
    <inScheme rdf:resource=""/>
    <prefLabel xml:lang="en">Gamma rays: theory</prefLabel>
  </Concept>
  <Concept rdf:about="#Gravitation">
    <broader rdf:resource="#PhysicalDataAndProcesses"/>
    <inScheme rdf:resource=""/>
    <prefLabel xml:lang="en">Gravitation</prefLabel>
  </Concept>
  <Concept rdf:about="#GravitationalLensing">
    <broader rdf:resource="#PhysicalDataAndProcesses"/>
    <inScheme rdf:resource=""/>
    <prefLabel xml:lang="en">Gravitational lensing</prefLabel>
  </Concept>
  <Concept rdf:about="#GravitationalWaves">
    <broader rdf:resource="#PhysicalDataAndProcesses"/>
    <inScheme rdf:resource=""/>
    <prefLabel xml:lang="en">Gravitational waves</prefLabel>
  </Concept>
  <Concept rdf:about="#Hydrodynamics">
    <broader rdf:resource="#PhysicalDataAndProcesses"/>
    <inScheme rdf:resource=""/>
    <prefLabel xml:lang="en">Hydrodynamics</prefLabel>
  </Concept>
  <Concept rdf:about="#InfraredGalaxies">
    <broader rdf:resource="#SourcesAsAFunctionOfWavelength"/>
    <inScheme rdf:resource=""/>
    <prefLabel xml:lang="en">Infrared: galaxies</prefLabel>
  </Concept>
  <Concept rdf:about="#InfraredGeneral">
    <broader rdf:resource="#SourcesAsAFunctionOfWavelength"/>
    <inScheme rdf:resource=""/>
    <prefLabel xml:lang="en">Infrared: general</prefLabel>
  </Concept>
  <Concept rdf:about="#InfraredIsm">
    <broader rdf:resource="#SourcesAsAFunctionOfWavelength"/>
    <inScheme rdf:resource=""/>
    <prefLabel xml:lang="en">Infrared: ISM</prefLabel>
  </Concept>
  <Concept rdf:about="#InfraredSolarSystem">
    <broader rdf:resource="#SourcesAsAFunctionOfWavelength"/>
    <inScheme rdf:resource=""/>
    <prefLabel xml:lang="en">Infrared: solar system</prefLabel>
  </Concept>
  <Concept rdf:about="#InfraredStars">
    <broader rdf:resource="#SourcesAsAFunctionOfWavelength"/>
    <inScheme rdf:resource=""/>
    <prefLabel xml:lang="en">Infrared: stars</prefLabel>
  </Concept>
  <Concept rdf:about="#Instabilities">
    <broader rdf:resource="#PhysicalDataAndProcesses"/>
    <inScheme rdf:resource=""/>
    <prefLabel xml:lang="en">Instabilities</prefLabel>
  </Concept>
  <Concept rdf:about="#InstrumentationAdaptiveOptics">
    <broader rdf:resource="#AstronomicalInstrumentationMethodsAndTechniques"/>
    <inScheme rdf:resource=""/>
    <prefLabel xml:lang="en">Instrumentation: adaptive optics</prefLabel>
  </Concept>
  <Concept rdf:about="#InstrumentationDetectors">
    <broader rdf:resource="#AstronomicalInstrumentationMethodsAndTechniques"/>
    <inScheme rdf:resource=""/>
    <prefLabel xml:lang="en">Instrumentation: detectors</prefLabel>
  </Concept>
  <Concept rdf:about="#InstrumentationHighAngularResolution">
    <broader rdf:resource="#AstronomicalInstrumentationMethodsAndTechniques"/>
    <inScheme rdf:resource=""/>
    <prefLabel xml:lang="en">Instrumentation: high angular resolution</prefLabel>
  </Concept>
  <Concept rdf:about="#InstrumentationInterferometers">
    <broader rdf:resource="#AstronomicalInstrumentationMethodsAndTechniques"/>
    <inScheme rdf:resource=""/>
    <prefLabel xml:lang="en">Instrumentation: interferometers</prefLabel>
  </Concept>
  <Concept rdf:about="#InstrumentationMiscellaneous">
    <broader rdf:resource="#AstronomicalInstrumentationMethodsAndTechniques"/>
    <inScheme rdf:resource=""/>
    <prefLabel xml:lang="en">Instrumentation: miscellaneous</prefLabel>
  </Concept>
  <Concept rdf:about="#InstrumentationPhotometers">
    <broader rdf:resource="#AstronomicalInstrumentationMethodsAndTechniques"/>
    <inScheme rdf:resource=""/>
    <prefLabel xml:lang="en">Instrumentation: photometers</prefLabel>
  </Concept>
  <Concept rdf:about="#InstrumentationPolarimeters">
    <broader rdf:resource="#AstronomicalInstrumentationMethodsAndTechniques"/>
    <inScheme rdf:resource=""/>
    <prefLabel xml:lang="en">Instrumentation: polarimeters</prefLabel>
  </Concept>
  <Concept rdf:about="#InstrumentationSpectrographs">
    <broader rdf:resource="#AstronomicalInstrumentationMethodsAndTechniques"/>
    <inScheme rdf:resource=""/>
    <prefLabel xml:lang="en">Instrumentation: spectrographs</prefLabel>
  </Concept>
  <Concept rdf:about="#InterplanetaryMedium">
    <broader rdf:resource="#SolarSystem"/>
    <inScheme rdf:resource=""/>
    <prefLabel xml:lang="en">Interplanetary medium</prefLabel>
  </Concept>
  <Concept rdf:about="#InterstellarMediumNebulae">
    <altLabel xml:lang="en">ISM, nebulae</altLabel>
    <inScheme rdf:resource=""/>
    <narrower rdf:resource="#IsmAbundances"/>
    <narrower rdf:resource="#IsmAtoms"/>
    <narrower rdf:resource="#IsmBubbles"/>
    <narrower rdf:resource="#IsmClouds"/>
    <narrower rdf:resource="#IsmCosmicRays"/>
    <narrower rdf:resource="#IsmDustExtinction"/>
    <narrower rdf:resource="#IsmEvolution"/>
    <narrower rdf:resource="#IsmGeneral"/>
    <narrower rdf:resource="#IsmHerbigharoObjects"/>
    <narrower rdf:resource="#IsmHiiRegions"/>
    <narrower rdf:resource="#IsmJetsAndOutflows"/>
    <narrower rdf:resource="#IsmKinematicsAndDynamics"/>
    <narrower rdf:resource="#IsmLinesAndBands"/>
    <narrower rdf:resource="#IsmMagneticFields"/>
    <narrower rdf:resource="#IsmMolecules"/>
    <narrower rdf:resource="#IsmPlanetaryNebulaeGeneral"/>
    <narrower rdf:resource="#IsmReflectionNebulae"/>
    <narrower rdf:resource="#IsmStructure"/>
    <narrower rdf:resource="#IsmSupernovaRemnants"/>
    <prefLabel xml:lang="en">Interstellar medium, nebulae</prefLabel>
  </Concept>
  <Concept rdf:about="#IsmAbundances">
    <broader rdf:resource="#InterstellarMediumNebulae"/>
    <inScheme rdf:resource=""/>
    <prefLabel xml:lang="en">ISM: abundances</prefLabel>
  </Concept>
  <Concept rdf:about="#IsmAtoms">
    <broader rdf:resource="#InterstellarMediumNebulae"/>
    <inScheme rdf:resource=""/>
    <prefLabel xml:lang="en">ISM: atoms</prefLabel>
  </Concept>
  <Concept rdf:about="#IsmBubbles">
    <broader rdf:resource="#InterstellarMediumNebulae"/>
    <inScheme rdf:resource=""/>
    <prefLabel xml:lang="en">ISM: bubbles</prefLabel>
  </Concept>
  <Concept rdf:about="#IsmClouds">
    <broader rdf:resource="#InterstellarMediumNebulae"/>
    <inScheme rdf:resource=""/>
    <prefLabel xml:lang="en">ISM: clouds</prefLabel>
  </Concept>
  <Concept rdf:about="#IsmCosmicRays">
    <broader rdf:resource="#InterstellarMediumNebulae"/>
    <inScheme rdf:resource=""/>
    <prefLabel xml:lang="en">Cosmic rays</prefLabel>
  </Concept>
  <Concept rdf:about="#IsmDustExtinction">
    <broader rdf:resource="#InterstellarMediumNebulae"/>
    <inScheme rdf:resource=""/>
    <prefLabel xml:lang="en">Dust, extinction</prefLabel>
  </Concept>
  <Concept rdf:about="#IsmEvolution">
    <broader rdf:resource="#InterstellarMediumNebulae"/>
    <inScheme rdf:resource=""/>
    <prefLabel xml:lang="en">Evolution</prefLabel>
  </Concept>
  <Concept rdf:about="#IsmGeneral">
    <broader rdf:resource="#InterstellarMediumNebulae"/>
    <inScheme rdf:resource=""/>
    <prefLabel xml:lang="en">ISM: general</prefLabel>
  </Concept>
  <Concept rdf:about="#IsmHerbigharoObjects">
    <broader rdf:resource="#InterstellarMediumNebulae"/>
    <inScheme rdf:resource=""/>
    <prefLabel xml:lang="en">Herbig-Haro objects</prefLabel>
  </Concept>
  <Concept rdf:about="#IsmHiiRegions">
    <broader rdf:resource="#InterstellarMediumNebulae"/>
    <inScheme rdf:resource=""/>
    <prefLabel xml:lang="en">HII regions</prefLabel>
  </Concept>
  <Concept rdf:about="#IsmJetsAndOutflows">
    <broader rdf:resource="#InterstellarMediumNebulae"/>
    <inScheme rdf:resource=""/>
    <prefLabel xml:lang="en">ISM: jets and outflows</prefLabel>
  </Concept>
  <Concept rdf:about="#IsmKinematicsAndDynamics">
    <broader rdf:resource="#InterstellarMediumNebulae"/>
    <inScheme rdf:resource=""/>
    <prefLabel xml:lang="en">ISM: kinematics and dynamics</prefLabel>
  </Concept>
  <Concept rdf:about="#IsmLinesAndBands">
    <broader rdf:resource="#InterstellarMediumNebulae"/>
    <inScheme rdf:resource=""/>
    <prefLabel xml:lang="en">ISM: lines and bands</prefLabel>
  </Concept>
  <Concept rdf:about="#IsmMagneticFields">
    <broader rdf:resource="#InterstellarMediumNebulae"/>
    <inScheme rdf:resource=""/>
    <prefLabel xml:lang="en">ISM: magnetic fields</prefLabel>
  </Concept>
  <Concept rdf:about="#IsmMolecules">
    <broader rdf:resource="#InterstellarMediumNebulae"/>
    <inScheme rdf:resource=""/>
    <prefLabel xml:lang="en">ISM: molecules</prefLabel>
  </Concept>
  <Concept rdf:about="#IsmPlanetaryNebulaeGeneral">
    <altLabel xml:lang="en">PN</altLabel>
    <broader rdf:resource="#InterstellarMediumNebulae"/>
    <inScheme rdf:resource=""/>
    <prefLabel xml:lang="en">Planetary nebulae: general</prefLabel>
  </Concept>
  <Concept rdf:about="#IsmReflectionNebulae">
    <broader rdf:resource="#InterstellarMediumNebulae"/>
    <inScheme rdf:resource=""/>
    <prefLabel xml:lang="en">Reflection nebulae</prefLabel>
  </Concept>
  <Concept rdf:about="#IsmStructure">
    <broader rdf:resource="#InterstellarMediumNebulae"/>
    <inScheme rdf:resource=""/>
    <prefLabel xml:lang="en">ISM: structure</prefLabel>
  </Concept>
  <Concept rdf:about="#IsmSupernovaRemnants">
    <altLabel xml:lang="en">SNR</altLabel>
    <broader rdf:resource="#InterstellarMediumNebulae"/>
    <inScheme rdf:resource=""/>
    <prefLabel xml:lang="en">ISM: supernova remnants</prefLabel>
  </Concept>
  <Concept rdf:about="#KuiperBelt">
    <broader rdf:resource="#SolarSystem"/>
    <inScheme rdf:resource=""/>
    <prefLabel xml:lang="en">Kuiper Belt</prefLabel>
  </Concept>
  <Concept rdf:about="#LightPollution">
    <broader rdf:resource="#AstronomicalInstrumentationMethodsAndTechniques"/>
    <inScheme rdf:resource=""/>
    <prefLabel xml:lang="en">Light pollution</prefLabel>
  </Concept>
  <Concept rdf:about="#LineFormation">
    <broader rdf:resource="#PhysicalDataAndProcesses"/>
    <inScheme rdf:resource=""/>
    <prefLabel xml:lang="en">Line: formation</prefLabel>
  </Concept>
  <Concept rdf:about="#LineIdentification">
    <broader rdf:resource="#PhysicalDataAndProcesses"/>
    <inScheme rdf:resource=""/>
    <prefLabel xml:lang="en">Line: identification</prefLabel>
  </Concept>
  <Concept rdf:about="#LineProfiles">
    <broader rdf:resource="#PhysicalDataAndProcesses"/>
    <inScheme rdf:resource=""/>
    <prefLabel xml:lang="en">Line: profiles</prefLabel>
  </Concept>
  <Concept rdf:about="#MagneticFields">
    <broader rdf:resource="#PhysicalDataAndProcesses"/>
    <inScheme rdf:resource=""/>
    <prefLabel xml:lang="en">Magnetic fields</prefLabel>
  </Concept>
  <Concept rdf:about="#Magnetohydrodynamics">
    <altLabel xml:lang="en">Magnetohydrodynamics</altLabel>
    <broader rdf:resource="#PhysicalDataAndProcesses"/>
    <inScheme rdf:resource=""/>
    <prefLabel xml:lang="en">MHD</prefLabel>
  </Concept>
  <Concept rdf:about="#Masers">
    <broader rdf:resource="#PhysicalDataAndProcesses"/>
    <inScheme rdf:resource=""/>
    <prefLabel xml:lang="en">Masers</prefLabel>
  </Concept>
  <Concept rdf:about="#MeteorsMeteoroids">
    <broader rdf:resource="#SolarSystem"/>
    <inScheme rdf:resource=""/>
    <prefLabel xml:lang="en">Meteors, meteoroids</prefLabel>
  </Concept>
  <Concept rdf:about="#MethodsAnalytical">
    <broader rdf:resource="#AstronomicalInstrumentationMethodsAndTechniques"/>
    <inScheme rdf:resource=""/>
    <prefLabel xml:lang="en">Methods: analytical</prefLabel>
  </Concept>
  <Concept rdf:about="#MethodsDataAnalysis">
    <broader rdf:resource="#AstronomicalInstrumentationMethodsAndTechniques"/>
    <inScheme rdf:resource=""/>
    <prefLabel xml:lang="en">Methods: data analysis</prefLabel>
  </Concept>
  <Concept rdf:about="#MethodsLaboratory">
    <broader rdf:resource="#AstronomicalInstrumentationMethodsAndTechniques"/>
    <inScheme rdf:resource=""/>
    <prefLabel xml:lang="en">Methods: laboratory</prefLabel>
  </Concept>
  <Concept rdf:about="#MethodsMiscellaneous">
    <broader rdf:resource="#AstronomicalInstrumentationMethodsAndTechniques"/>
    <inScheme rdf:resource=""/>
    <prefLabel xml:lang="en">Methods: miscellaneous</prefLabel>
  </Concept>
  <Concept rdf:about="#MethodsNbodySimulations">
    <broader rdf:resource="#AstronomicalInstrumentationMethodsAndTechniques"/>
    <inScheme rdf:resource=""/>
    <prefLabel xml:lang="en">Methods: N-body simulations</prefLabel>
  </Concept>
  <Concept rdf:about="#MethodsNumerical">
    <broader rdf:resource="#AstronomicalInstrumentationMethodsAndTechniques"/>
    <inScheme rdf:resource=""/>
    <prefLabel xml:lang="en">Methods: numerical</prefLabel>
  </Concept>
  <Concept rdf:about="#MethodsObservational">
    <broader rdf:resource="#AstronomicalInstrumentationMethodsAndTechniques"/>
    <inScheme rdf:resource=""/>
    <prefLabel xml:lang="en">Methods: observational</prefLabel>
  </Concept>
  <Concept rdf:about="#MethodsStatistical">
    <broader rdf:resource="#AstronomicalInstrumentationMethodsAndTechniques"/>
    <inScheme rdf:resource=""/>
    <prefLabel xml:lang="en">Methods: statistical</prefLabel>
  </Concept>
  <Concept rdf:about="#MinorPlanetsAsteroids">
    <broader rdf:resource="#SolarSystem"/>
    <inScheme rdf:resource=""/>
    <prefLabel xml:lang="en">Minor planets, asteroids</prefLabel>
  </Concept>
  <Concept rdf:about="#MolecularData">
    <broader rdf:resource="#PhysicalDataAndProcesses"/>
    <inScheme rdf:resource=""/>
    <prefLabel xml:lang="en">Molecular data</prefLabel>
  </Concept>
  <Concept rdf:about="#MolecularProcesses">
    <broader rdf:resource="#PhysicalDataAndProcesses"/>
    <inScheme rdf:resource=""/>
    <prefLabel xml:lang="en">Molecular processes</prefLabel>
  </Concept>
  <Concept rdf:about="#Moon">
    <broader rdf:resource="#SolarSystem"/>
    <inScheme rdf:resource=""/>
    <prefLabel xml:lang="en">Moon</prefLabel>
  </Concept>
  <Concept rdf:about="#Neutrinos">
    <broader rdf:resource="#PhysicalDataAndProcesses"/>
    <inScheme rdf:resource=""/>
    <prefLabel xml:lang="en">Neutrinos</prefLabel>
  </Concept>
  <Concept rdf:about="#NuclearReactionsNucleosynthesisAbundances">
    <broader rdf:resource="#PhysicalDataAndProcesses"/>
    <inScheme rdf:resource=""/>
    <prefLabel xml:lang="en">Nuclear reactions, nucleosynthesis, abundances</prefLabel>
  </Concept>
  <Concept rdf:about="#Occultations">
    <broader rdf:resource="#AstrometryAndCelestialMechanics"/>
    <inScheme rdf:resource=""/>
    <prefLabel xml:lang="en">Occultations</prefLabel>
  </Concept>
  <Concept rdf:about="#OortCloud">
    <broader rdf:resource="#SolarSystem"/>
    <inScheme rdf:resource=""/>
    <prefLabel xml:lang="en">Oort Cloud</prefLabel>
  </Concept>
  <Concept rdf:about="#PhysicalDataAndProcesses">
    <inScheme rdf:resource=""/>
    <narrower rdf:resource="#AccelerationOfParticles"/>
    <narrower rdf:resource="#AccretionAccretionDisks"/>
    <narrower rdf:resource="#Astrobiology"/>
    <narrower rdf:resource="#Astrochemistry"/>
    <narrower rdf:resource="#AtomicData"/>
    <narrower rdf:resource="#AtomicProcesses"/>
    <narrower rdf:resource="#BlackHolePhysics"/>
    <narrower rdf:resource="#Chaos"/>
    <narrower rdf:resource="#Conduction"/>
    <narrower rdf:resource="#Convection"/>
    <narrower rdf:resource="#DenseMatter"/>
    <narrower rdf:resource="#Diffusion"/>
    <narrower rdf:resource="#ElementaryParticles"/>
    <narrower rdf:resource="#EquationOfState"/>
    <narrower rdf:resource="#Gravitation"/>
    <narrower rdf:resource="#GravitationalLensing"/>
    <narrower rdf:resource="#GravitationalWaves"/>
    <narrower rdf:resource="#Hydrodynamics"/>
    <narrower rdf:resource="#Instabilities"/>
    <narrower rdf:resource="#LineFormation"/>
    <narrower rdf:resource="#LineIdentification"/>
    <narrower rdf:resource="#LineProfiles"/>
    <narrower rdf:resource="#MagneticFields"/>
    <narrower rdf:resource="#Magnetohydrodynamics"/>
    <narrower rdf:resource="#Masers"/>
    <narrower rdf:resource="#MolecularData"/>
    <narrower rdf:resource="#MolecularProcesses"/>
    <narrower rdf:resource="#Neutrinos"/>
    <narrower rdf:resource="#NuclearReactionsNucleosynthesisAbundances"/>
    <narrower rdf:resource="#Plasmas"/>
    <narrower rdf:resource="#Polarization"/>
    <narrower rdf:resource="#RadiationMechanismsGeneral"/>
    <narrower rdf:resource="#RadiationMechanismsNonthermal"/>
    <narrower rdf:resource="#RadiationMechanismsThermal"/>
    <narrower rdf:resource="#RadiativeTransfer"/>
    <narrower rdf:resource="#Relativity"/>
    <narrower rdf:resource="#Scattering"/>
    <narrower rdf:resource="#ShockWaves"/>
    <narrower rdf:resource="#StellarDynamics"/>
    <narrower rdf:resource="#Turbulence"/>
    <narrower rdf:resource="#Waves"/>
    <prefLabel xml:lang="en">Physical data and processes</prefLabel>
  </Concept>
  <Concept rdf:about="#PlanetsAndSatellitesFormation">
    <broader rdf:resource="#SolarSystem"/>
    <inScheme rdf:resource=""/>
    <prefLabel xml:lang="en">Planets and satellites: formation</prefLabel>
  </Concept>
  <Concept rdf:about="#PlanetsAndSatellitesGeneral">
    <broader rdf:resource="#SolarSystem"/>
    <inScheme rdf:resource=""/>
    <prefLabel xml:lang="en">Planets and satellites: general</prefLabel>
  </Concept>
  <Concept rdf:about="#PlanetsRings">
    <broader rdf:resource="#SolarSystem"/>
    <inScheme rdf:resource=""/>
    <prefLabel xml:lang="en">Planets: rings</prefLabel>
  </Concept>
  <Concept rdf:about="#Plasmas">
    <broader rdf:resource="#PhysicalDataAndProcesses"/>
    <inScheme rdf:resource=""/>
    <prefLabel xml:lang="en">Plasmas</prefLabel>
  </Concept>
  <Concept rdf:about="#Polarization">
    <broader rdf:resource="#PhysicalDataAndProcesses"/>
    <inScheme rdf:resource=""/>
    <prefLabel xml:lang="en">Polarization</prefLabel>
  </Concept>
  <Concept rdf:about="#RadiationMechanismsGeneral">
    <broader rdf:resource="#PhysicalDataAndProcesses"/>
    <inScheme rdf:resource=""/>
    <prefLabel xml:lang="en">Radiation mechanisms: general</prefLabel>
  </Concept>
  <Concept rdf:about="#RadiationMechanismsNonthermal">
    <broader rdf:resource="#PhysicalDataAndProcesses"/>
    <inScheme rdf:resource=""/>
    <prefLabel xml:lang="en">Radiation mechanisms: non-thermal</prefLabel>
  </Concept>
  <Concept rdf:about="#RadiationMechanismsThermal">
    <broader rdf:resource="#PhysicalDataAndProcesses"/>
    <inScheme rdf:resource=""/>
    <prefLabel xml:lang="en">Radiation mechanisms: thermal</prefLabel>
  </Concept>
  <Concept rdf:about="#RadiativeTransfer">
    <broader rdf:resource="#PhysicalDataAndProcesses"/>
    <inScheme rdf:resource=""/>
    <prefLabel xml:lang="en">Radiative transfer</prefLabel>
  </Concept>
  <Concept rdf:about="#RadioContinuumGalaxies">
    <broader rdf:resource="#SourcesAsAFunctionOfWavelength"/>
    <inScheme rdf:resource=""/>
    <prefLabel xml:lang="en">Radio continuum: galaxies</prefLabel>
  </Concept>
  <Concept rdf:about="#RadioContinuumGeneral">
    <broader rdf:resource="#SourcesAsAFunctionOfWavelength"/>
    <inScheme rdf:resource=""/>
    <prefLabel xml:lang="en">Radio continuum: general</prefLabel>
  </Concept>
  <Concept rdf:about="#RadioContinuumIsm">
    <broader rdf:resource="#SourcesAsAFunctionOfWavelength"/>
    <inScheme rdf:resource=""/>
    <prefLabel xml:lang="en">Radio continuum: ISM</prefLabel>
  </Concept>
  <Concept rdf:about="#RadioContinuumSolarSystem">
    <broader rdf:resource="#SourcesAsAFunctionOfWavelength"/>
    <inScheme rdf:resource=""/>
    <prefLabel xml:lang="en">Radio continuum: solar system</prefLabel>
  </Concept>
  <Concept rdf:about="#RadioContinuumStars">
    <broader rdf:resource="#SourcesAsAFunctionOfWavelength"/>
    <inScheme rdf:resource=""/>
    <prefLabel xml:lang="en">Radio continuum: stars</prefLabel>
  </Concept>
  <Concept rdf:about="#RadioLinesGalaxies">
    <broader rdf:resource="#SourcesAsAFunctionOfWavelength"/>
    <inScheme rdf:resource=""/>
    <prefLabel xml:lang="en">Radio lines: galaxies</prefLabel>
  </Concept>
  <Concept rdf:about="#RadioLinesGeneral">
    <broader rdf:resource="#SourcesAsAFunctionOfWavelength"/>
    <inScheme rdf:resource=""/>
    <prefLabel xml:lang="en">Radio lines: general</prefLabel>
  </Concept>
  <Concept rdf:about="#RadioLinesIsm">
    <broader rdf:resource="#SourcesAsAFunctionOfWavelength"/>
    <inScheme rdf:resource=""/>
    <prefLabel xml:lang="en">Radio lines: ISM</prefLabel>
  </Concept>
  <Concept rdf:about="#RadioLinesSolarSystem">
    <broader rdf:resource="#SourcesAsAFunctionOfWavelength"/>
    <inScheme rdf:resource=""/>
    <prefLabel xml:lang="en">Radio lines: solar system</prefLabel>
  </Concept>
  <Concept rdf:about="#RadioLinesStars">
    <broader rdf:resource="#SourcesAsAFunctionOfWavelength"/>
    <inScheme rdf:resource=""/>
    <prefLabel xml:lang="en">Radio lines: stars</prefLabel>
  </Concept>
  <Concept rdf:about="#ReferenceSystems">
    <broader rdf:resource="#AstrometryAndCelestialMechanics"/>
    <inScheme rdf:resource=""/>
    <prefLabel xml:lang="en">Reference systems</prefLabel>
  </Concept>
  <Concept rdf:about="#Relativity">
    <broader rdf:resource="#PhysicalDataAndProcesses"/>
    <inScheme rdf:resource=""/>
    <prefLabel xml:lang="en">Relativity</prefLabel>
  </Concept>
  <Concept rdf:about="#Scattering">
    <broader rdf:resource="#PhysicalDataAndProcesses"/>
    <inScheme rdf:resource=""/>
    <prefLabel xml:lang="en">Scattering</prefLabel>
  </Concept>
  <Concept rdf:about="#ShockWaves">
    <broader rdf:resource="#PhysicalDataAndProcesses"/>
    <inScheme rdf:resource=""/>
    <prefLabel xml:lang="en">Shock waves</prefLabel>
  </Concept>
  <Concept rdf:about="#SiteTesting">
    <broader rdf:resource="#AstronomicalInstrumentationMethodsAndTechniques"/>
    <inScheme rdf:resource=""/>
    <prefLabel xml:lang="en">Site testing</prefLabel>
  </Concept>
  <Concept rdf:about="#SolarSystem">
    <inScheme rdf:resource=""/>
    <narrower rdf:resource="#CometsGeneral"/>
    <narrower rdf:resource="#Earth"/>
    <narrower rdf:resource="#InterplanetaryMedium"/>
    <narrower rdf:resource="#KuiperBelt"/>
    <narrower rdf:resource="#MeteorsMeteoroids"/>
    <narrower rdf:resource="#MinorPlanetsAsteroids"/>
    <narrower rdf:resource="#Moon"/>
    <narrower rdf:resource="#OortCloud"/>
    <narrower rdf:resource="#PlanetsAndSatellitesFormation"/>
    <narrower rdf:resource="#PlanetsAndSatellitesGeneral"/>
    <narrower rdf:resource="#PlanetsRings"/>
    <narrower rdf:resource="#SolarSystemFormation"/>
    <narrower rdf:resource="#SolarSystemGeneral"/>
    <prefLabel xml:lang="en">Solar system</prefLabel>
  </Concept>
  <Concept rdf:about="#SolarSystemFormation">
    <broader rdf:resource="#SolarSystem"/>
    <inScheme rdf:resource=""/>
    <prefLabel xml:lang="en">Solar system: formation</prefLabel>
  </Concept>
  <Concept rdf:about="#SolarSystemGeneral">
    <broader rdf:resource="#SolarSystem"/>
    <inScheme rdf:resource=""/>
    <prefLabel xml:lang="en">Solar system: general</prefLabel>
  </Concept>
  <Concept rdf:about="#SourcesAsAFunctionOfWavelength">
    <inScheme rdf:resource=""/>
    <narrower rdf:resource="#GammaRaysBursts"/>
    <narrower rdf:resource="#GammaRaysObservations"/>
    <narrower rdf:resource="#GammaRaysTheory"/>
    <narrower rdf:resource="#InfraredGalaxies"/>
    <narrower rdf:resource="#InfraredGeneral"/>
    <narrower rdf:resource="#InfraredIsm"/>
    <narrower rdf:resource="#InfraredSolarSystem"/>
    <narrower rdf:resource="#InfraredStars"/>
    <narrower rdf:resource="#RadioContinuumGalaxies"/>
    <narrower rdf:resource="#RadioContinuumGeneral"/>
    <narrower rdf:resource="#RadioContinuumIsm"/>
    <narrower rdf:resource="#RadioContinuumSolarSystem"/>
    <narrower rdf:resource="#RadioContinuumStars"/>
    <narrower rdf:resource="#RadioLinesGalaxies"/>
    <narrower rdf:resource="#RadioLinesGeneral"/>
    <narrower rdf:resource="#RadioLinesIsm"/>
    <narrower rdf:resource="#RadioLinesSolarSystem"/>
    <narrower rdf:resource="#RadioLinesStars"/>
    <narrower rdf:resource="#Submillimeter"/>
    <narrower rdf:resource="#UltravioletGalaxies"/>
    <narrower rdf:resource="#UltravioletGeneral"/>
    <narrower rdf:resource="#UltravioletIsm"/>
    <narrower rdf:resource="#UltravioletSolarSystem"/>
    <narrower rdf:resource="#UltravioletStars"/>
    <narrower rdf:resource="#XraysBinaries"/>
    <narrower rdf:resource="#XraysBursts"/>
    <narrower rdf:resource="#XraysDiffuseBackground"/>
    <narrower rdf:resource="#XraysGalaxies"/>
    <narrower rdf:resource="#XraysGalaxiesClusters"/>
    <narrower rdf:resource="#XraysGeneral"/>
    <narrower rdf:resource="#XraysIsm"/>
    <narrower rdf:resource="#XraysStars"/>
    <prefLabel xml:lang="en">Sources as a function of wavelength</prefLabel>
  </Concept>
  <Concept rdf:about="#SpaceVehicles">
    <broader rdf:resource="#AstronomicalInstrumentationMethodsAndTechniques"/>
    <inScheme rdf:resource=""/>
    <prefLabel xml:lang="en">Space vehicles</prefLabel>
  </Concept>
  <Concept rdf:about="#SpaceVehiclesInstruments">
    <broader rdf:resource="#AstronomicalInstrumentationMethodsAndTechniques"/>
    <inScheme rdf:resource=""/>
    <prefLabel xml:lang="en">Space vehicles: instruments</prefLabel>
  </Concept>
  <Concept rdf:about="#Stars">
    <inScheme rdf:resource=""/>
    <narrower rdf:resource="#StarsAbundances"/>
    <narrower rdf:resource="#StarsActivity"/>
    <narrower rdf:resource="#StarsAgbAndPostagb"/>
    <narrower rdf:resource="#StarsAtmospheres"/>
    <narrower rdf:resource="#StarsBinariesClose"/>
    <narrower rdf:resource="#StarsBinariesEclipsing"/>
    <narrower rdf:resource="#StarsBinariesGeneral"/>
    <narrower rdf:resource="#StarsBinariesSpectroscopic"/>
    <narrower rdf:resource="#StarsBinariesSymbiotic"/>
    <narrower rdf:resource="#StarsBinariesVisual"/>
    <narrower rdf:resource="#StarsBlueStragglers"/>
    <narrower rdf:resource="#StarsCarbon"/>
    <narrower rdf:resource="#StarsChemicallyPeculiar"/>
    <narrower rdf:resource="#StarsChromospheres"/>
    <narrower rdf:resource="#StarsCircumstellarMatter"/>
    <narrower rdf:resource="#StarsCoronae"/>
    <narrower rdf:resource="#StarsDistances"/>
    <narrower rdf:resource="#StarsDwarfNovae"/>
    <narrower rdf:resource="#StarsEarlytype"/>
    <narrower rdf:resource="#StarsEmissionlineBe"/>
    <narrower rdf:resource="#StarsEvolution"/>
    <narrower rdf:resource="#StarsFlare"/>
    <narrower rdf:resource="#StarsFormation"/>
    <narrower rdf:resource="#StarsFundamentalParameters"/>
    <narrower rdf:resource="#StarsGeneral"/>
    <narrower rdf:resource="#StarsHertzsprungrussellAndCmDiagrams"/>
    <narrower rdf:resource="#StarsHorizontalbranch"/>
    <narrower rdf:resource="#StarsImaging"/>
    <narrower rdf:resource="#StarsInteriors"/>
    <narrower rdf:resource="#StarsKinematics"/>
    <narrower rdf:resource="#StarsLatetype"/>
    <narrower rdf:resource="#StarsLowmassBrownDwarfs"/>
    <narrower rdf:resource="#StarsLuminosityFunctionMassFunction"/>
    <narrower rdf:resource="#StarsMagneticFields"/>
    <narrower rdf:resource="#StarsMassloss"/>
    <narrower rdf:resource="#StarsNeutron"/>
    <narrower rdf:resource="#StarsNovaeCataclysmicVariables"/>
    <narrower rdf:resource="#StarsOscillations"/>
    <narrower rdf:resource="#StarsPeculiar"/>
    <narrower rdf:resource="#StarsPlanetarySystems"/>
    <narrower rdf:resource="#StarsPlanetarySystemsFormation"/>
    <narrower rdf:resource="#StarsPlanetarySystemsProtoplanetaryDisks"/>
    <narrower rdf:resource="#StarsPopulationIi"/>
    <narrower rdf:resource="#StarsPremainSequence"/>
    <narrower rdf:resource="#StarsPulsarsGeneral"/>
    <narrower rdf:resource="#StarsRotation"/>
    <narrower rdf:resource="#StarsStarspots"/>
    <narrower rdf:resource="#StarsStatistics"/>
    <narrower rdf:resource="#StarsSubdwarfs"/>
    <narrower rdf:resource="#StarsSupergiants"/>
    <narrower rdf:resource="#StarsSupernovaeGeneral"/>
    <narrower rdf:resource="#StarsVariablesCepheids"/>
    <narrower rdf:resource="#StarsVariablesDeltaSct"/>
    <narrower rdf:resource="#StarsVariablesGeneral"/>
    <narrower rdf:resource="#StarsVariablesRrLyr"/>
    <narrower rdf:resource="#StarsWhiteDwarfs"/>
    <narrower rdf:resource="#StarsWindsOutflows"/>
    <narrower rdf:resource="#StarsWolfrayet"/>
    <prefLabel xml:lang="en">Stars</prefLabel>
  </Concept>
  <Concept rdf:about="#StarsAbundances">
    <broader rdf:resource="#Stars"/>
    <inScheme rdf:resource=""/>
    <prefLabel xml:lang="en">Stars: abundances</prefLabel>
  </Concept>
  <Concept rdf:about="#StarsActivity">
    <broader rdf:resource="#Stars"/>
    <inScheme rdf:resource=""/>
    <prefLabel xml:lang="en">Stars: activity</prefLabel>
  </Concept>
  <Concept rdf:about="#StarsAgbAndPostagb">
    <altLabel xml:lang="en">AGB</altLabel>
    <altLabel xml:lang="en">post-AGB</altLabel>
    <broader rdf:resource="#Stars"/>
    <inScheme rdf:resource=""/>
    <prefLabel xml:lang="en">Stars: AGB and post-AGB</prefLabel>
  </Concept>
  <Concept rdf:about="#StarsAtmospheres">
    <broader rdf:resource="#Stars"/>
    <inScheme rdf:resource=""/>
    <prefLabel xml:lang="en">Stars: atmospheres</prefLabel>
  </Concept>
  <Concept rdf:about="#StarsBinariesClose">
    <broader rdf:resource="#Stars"/>
    <inScheme rdf:resource=""/>
    <prefLabel xml:lang="en">Binaries: close</prefLabel>
    <scopeNote>Including multiple</scopeNote>
  </Concept>
  <Concept rdf:about="#StarsBinariesEclipsing">
    <broader rdf:resource="#Stars"/>
    <inScheme rdf:resource=""/>
    <prefLabel xml:lang="en">Binaries: eclipsing</prefLabel>
  </Concept>
  <Concept rdf:about="#StarsBinariesGeneral">
    <broader rdf:resource="#Stars"/>
    <inScheme rdf:resource=""/>
    <prefLabel xml:lang="en">Binaries: general</prefLabel>
  </Concept>
  <Concept rdf:about="#StarsBinariesSpectroscopic">
    <broader rdf:resource="#Stars"/>
    <inScheme rdf:resource=""/>
    <prefLabel xml:lang="en">Binaries: spectroscopic</prefLabel>
  </Concept>
  <Concept rdf:about="#StarsBinariesSymbiotic">
    <broader rdf:resource="#Stars"/>
    <inScheme rdf:resource=""/>
    <prefLabel xml:lang="en">Binaries: symbiotic</prefLabel>
  </Concept>
  <Concept rdf:about="#StarsBinariesVisual">
    <broader rdf:resource="#Stars"/>
    <inScheme rdf:resource=""/>
    <prefLabel xml:lang="en">Binaries: visual</prefLabel>
  </Concept>
  <Concept rdf:about="#StarsBlueStragglers">
    <broader rdf:resource="#Stars"/>
    <inScheme rdf:resource=""/>
    <prefLabel xml:lang="en">Blue stragglers</prefLabel>
  </Concept>
  <Concept rdf:about="#StarsCarbon">
    <broader rdf:resource="#Stars"/>
    <inScheme rdf:resource=""/>
    <prefLabel xml:lang="en">Stars: carbon</prefLabel>
  </Concept>
  <Concept rdf:about="#StarsChemicallyPeculiar">
    <broader rdf:resource="#Stars"/>
    <inScheme rdf:resource=""/>
    <prefLabel xml:lang="en">Stars: chemically peculiar</prefLabel>
  </Concept>
  <Concept rdf:about="#StarsChromospheres">
    <broader rdf:resource="#Stars"/>
    <inScheme rdf:resource=""/>
    <prefLabel xml:lang="en">Stars: chromospheres</prefLabel>
  </Concept>
  <Concept rdf:about="#StarsCircumstellarMatter">
    <broader rdf:resource="#Stars"/>
    <inScheme rdf:resource=""/>
    <prefLabel xml:lang="en">Circumstellar matter</prefLabel>
  </Concept>
  <Concept rdf:about="#StarsCoronae">
    <broader rdf:resource="#Stars"/>
    <inScheme rdf:resource=""/>
    <prefLabel xml:lang="en">Stars: coronae</prefLabel>
  </Concept>
  <Concept rdf:about="#StarsDistances">
    <broader rdf:resource="#Stars"/>
    <inScheme rdf:resource=""/>
    <prefLabel xml:lang="en">Stars: distances</prefLabel>
  </Concept>
  <Concept rdf:about="#StarsDwarfNovae">
    <altLabel xml:lang="en">star.variable.UGem-class</altLabel>
    <broader rdf:resource="#Stars"/>
    <inScheme rdf:resource=""/>
    <prefLabel xml:lang="en">Stars: dwarf novae</prefLabel>
  </Concept>
  <Concept rdf:about="#StarsEarlytype">
    <broader rdf:resource="#Stars"/>
    <inScheme rdf:resource=""/>
    <prefLabel xml:lang="en">Stars: early-type</prefLabel>
  </Concept>
  <Concept rdf:about="#StarsEmissionlineBe">
    <broader rdf:resource="#Stars"/>
    <inScheme rdf:resource=""/>
    <prefLabel xml:lang="en">Stars: emission-line, Be</prefLabel>
  </Concept>
  <Concept rdf:about="#StarsEvolution">
    <broader rdf:resource="#Stars"/>
    <inScheme rdf:resource=""/>
    <prefLabel xml:lang="en">Stars: evolution</prefLabel>
  </Concept>
  <Concept rdf:about="#StarsFlare">
    <broader rdf:resource="#Stars"/>
    <inScheme rdf:resource=""/>
    <prefLabel xml:lang="en">Stars: flare</prefLabel>
  </Concept>
  <Concept rdf:about="#StarsFormation">
    <broader rdf:resource="#Stars"/>
    <inScheme rdf:resource=""/>
    <prefLabel xml:lang="en">Stars: formation</prefLabel>
  </Concept>
  <Concept rdf:about="#StarsFundamentalParameters">
    <broader rdf:resource="#Stars"/>
    <inScheme rdf:resource=""/>
    <prefLabel xml:lang="en">Stars: fundamental parameters</prefLabel>
    <scopeNote>Classification, colors, luminosities, masses, radii, temperatures, etc.</scopeNote>
  </Concept>
  <Concept rdf:about="#StarsGeneral">
    <broader rdf:resource="#Stars"/>
    <inScheme rdf:resource=""/>
    <prefLabel xml:lang="en">Stars: general</prefLabel>
  </Concept>
  <Concept rdf:about="#StarsHertzsprungrussellAndCmDiagrams">
    <altLabel xml:lang="en">Color-Magnitude diagrams</altLabel>
    <altLabel xml:lang="en">H-R and C-M diagrams</altLabel>
    <altLabel xml:lang="en">H-R and CM diagrams</altLabel>
    <altLabel xml:lang="en">HR and C-M diagrams</altLabel>
    <altLabel xml:lang="en">HR and CM diagrams</altLabel>
    <altLabel xml:lang="en">Hertzsprung-Russel and Color-Magnitude diagrams</altLabel>
    <altLabel xml:lang="en">Hertzsprung-Russel diagrams</altLabel>
    <broader rdf:resource="#Stars"/>
    <inScheme rdf:resource=""/>
    <prefLabel xml:lang="en">Hertzsprung-Russell and C-M diagrams</prefLabel>
  </Concept>
  <Concept rdf:about="#StarsHorizontalbranch">
    <altLabel xml:lang="en">HB</altLabel>
    <broader rdf:resource="#Stars"/>
    <inScheme rdf:resource=""/>
    <prefLabel xml:lang="en">Stars: horizontal-branch</prefLabel>
  </Concept>
  <Concept rdf:about="#StarsImaging">
    <broader rdf:resource="#Stars"/>
    <inScheme rdf:resource=""/>
    <prefLabel xml:lang="en">Stars: imaging</prefLabel>
  </Concept>
  <Concept rdf:about="#StarsInteriors">
    <broader rdf:resource="#Stars"/>
    <inScheme rdf:resource=""/>
    <prefLabel xml:lang="en">Stars: interiors</prefLabel>
  </Concept>
  <Concept rdf:about="#StarsKinematics">
    <broader rdf:resource="#Stars"/>
    <inScheme rdf:resource=""/>
    <prefLabel xml:lang="en">Stars: kinematics</prefLabel>
  </Concept>
  <Concept rdf:about="#StarsLatetype">
    <broader rdf:resource="#Stars"/>
    <inScheme rdf:resource=""/>
    <prefLabel xml:lang="en">Stars: late-type</prefLabel>
  </Concept>
  <Concept rdf:about="#StarsLowmassBrownDwarfs">
    <broader rdf:resource="#Stars"/>
    <inScheme rdf:resource=""/>
    <prefLabel xml:lang="en">Stars: low-mass, brown dwarfs</prefLabel>
  </Concept>
  <Concept rdf:about="#StarsLuminosityFunctionMassFunction">
    <broader rdf:resource="#Stars"/>
    <inScheme rdf:resource=""/>
    <prefLabel xml:lang="en">Stars: luminosity function, mass function</prefLabel>
  </Concept>
  <Concept rdf:about="#StarsMagneticFields">
    <broader rdf:resource="#Stars"/>
    <inScheme rdf:resource=""/>
    <prefLabel xml:lang="en">Stars: magnetic fields</prefLabel>
  </Concept>
  <Concept rdf:about="#StarsMassloss">
    <broader rdf:resource="#Stars"/>
    <inScheme rdf:resource=""/>
    <prefLabel xml:lang="en">Stars: mass-loss</prefLabel>
  </Concept>
  <Concept rdf:about="#StarsNeutron">
    <altLabel xml:lang="en">NS</altLabel>
    <broader rdf:resource="#Stars"/>
    <inScheme rdf:resource=""/>
    <prefLabel xml:lang="en">Stars: neutron</prefLabel>
  </Concept>
  <Concept rdf:about="#StarsNovaeCataclysmicVariables">
    <altLabel xml:lang="en">CV</altLabel>
    <broader rdf:resource="#Stars"/>
    <inScheme rdf:resource=""/>
    <prefLabel xml:lang="en">Novae, cataclysmic variables</prefLabel>
  </Concept>
  <Concept rdf:about="#StarsOscillations">
    <broader rdf:resource="#Stars"/>
    <inScheme rdf:resource=""/>
    <prefLabel xml:lang="en">Stars: oscillations</prefLabel>
    <scopeNote>Including pulsations</scopeNote>
  </Concept>
  <Concept rdf:about="#StarsPeculiar">
    <broader rdf:resource="#Stars"/>
    <inScheme rdf:resource=""/>
    <prefLabel xml:lang="en">Stars: peculiar</prefLabel>
    <scopeNote>Except chemically peculiar</scopeNote>
  </Concept>
  <Concept rdf:about="#StarsPlanetarySystems">
    <broader rdf:resource="#Stars"/>
    <inScheme rdf:resource=""/>
    <prefLabel xml:lang="en">Planetary systems</prefLabel>
  </Concept>
  <Concept rdf:about="#StarsPlanetarySystemsFormation">
    <broader rdf:resource="#Stars"/>
    <inScheme rdf:resource=""/>
    <prefLabel xml:lang="en">Planetary systems: formation</prefLabel>
  </Concept>
  <Concept rdf:about="#StarsPlanetarySystemsProtoplanetaryDisks">
    <altLabel xml:lang="en">proplyd</altLabel>
    <broader rdf:resource="#Stars"/>
    <inScheme rdf:resource=""/>
    <prefLabel xml:lang="en">Planetary systems: protoplanetary disks</prefLabel>
  </Concept>
  <Concept rdf:about="#StarsPopulationIi">
    <broader rdf:resource="#Stars"/>
    <inScheme rdf:resource=""/>
    <prefLabel xml:lang="en">Stars: Population II</prefLabel>
  </Concept>
  <Concept rdf:about="#StarsPremainSequence">
    <altLabel xml:lang="en">PMS</altLabel>
    <broader rdf:resource="#Stars"/>
    <inScheme rdf:resource=""/>
    <prefLabel xml:lang="en">Stars: pre-main sequence</prefLabel>
  </Concept>
  <Concept rdf:about="#StarsPulsarsGeneral">
    <broader rdf:resource="#Stars"/>
    <inScheme rdf:resource=""/>
    <prefLabel xml:lang="en">Pulsars: general</prefLabel>
  </Concept>
  <Concept rdf:about="#StarsRotation">
    <broader rdf:resource="#Stars"/>
    <inScheme rdf:resource=""/>
    <prefLabel xml:lang="en">Stars: rotation</prefLabel>
  </Concept>
  <Concept rdf:about="#StarsStarspots">
    <broader rdf:resource="#Stars"/>
    <inScheme rdf:resource=""/>
    <prefLabel xml:lang="en">Starspots</prefLabel>
  </Concept>
  <Concept rdf:about="#StarsStatistics">
    <broader rdf:resource="#Stars"/>
    <inScheme rdf:resource=""/>
    <prefLabel xml:lang="en">Stars: statistics</prefLabel>
  </Concept>
  <Concept rdf:about="#StarsSubdwarfs">
    <broader rdf:resource="#Stars"/>
    <inScheme rdf:resource=""/>
    <prefLabel xml:lang="en">Subdwarfs</prefLabel>
  </Concept>
  <Concept rdf:about="#StarsSupergiants">
    <broader rdf:resource="#Stars"/>
    <inScheme rdf:resource=""/>
    <prefLabel xml:lang="en">Supergiants</prefLabel>
  </Concept>
  <Concept rdf:about="#StarsSupernovaeGeneral">
    <altLabel xml:lang="en">SN</altLabel>
    <broader rdf:resource="#Stars"/>
    <inScheme rdf:resource=""/>
    <prefLabel xml:lang="en">Supernovae: general</prefLabel>
  </Concept>
  <Concept rdf:about="#StarsVariablesCepheids">
    <broader rdf:resource="#Stars"/>
    <inScheme rdf:resource=""/>
    <prefLabel xml:lang="en">Cepheids</prefLabel>
  </Concept>
  <Concept rdf:about="#StarsVariablesDeltaSct">
    <broader rdf:resource="#Stars"/>
    <inScheme rdf:resource=""/>
    <prefLabel xml:lang="en">Delta Sct</prefLabel>
  </Concept>
  <Concept rdf:about="#StarsVariablesGeneral">
    <broader rdf:resource="#Stars"/>
    <inScheme rdf:resource=""/>
    <prefLabel xml:lang="en">Stars: variables: general</prefLabel>
  </Concept>
  <Concept rdf:about="#StarsVariablesRrLyr">
    <broader rdf:resource="#Stars"/>
    <inScheme rdf:resource=""/>
    <prefLabel xml:lang="en">Stars: variables: RR Lyr</prefLabel>
  </Concept>
  <Concept rdf:about="#StarsWhiteDwarfs">
    <altLabel xml:lang="en">WD</altLabel>
    <broader rdf:resource="#Stars"/>
    <inScheme rdf:resource=""/>
    <prefLabel xml:lang="en">White dwarfs</prefLabel>
  </Concept>
  <Concept rdf:about="#StarsWindsOutflows">
    <broader rdf:resource="#Stars"/>
    <inScheme rdf:resource=""/>
    <prefLabel xml:lang="en">Stars: winds, outflows</prefLabel>
  </Concept>
  <Concept rdf:about="#StarsWolfrayet">
    <altLabel xml:lang="en">WR</altLabel>
    <broader rdf:resource="#Stars"/>
    <inScheme rdf:resource=""/>
    <prefLabel xml:lang="en">Stars: Wolf-Rayet</prefLabel>
  </Concept>
  <Concept rdf:about="#StellarDynamics">
    <broader rdf:resource="#PhysicalDataAndProcesses"/>
    <inScheme rdf:resource=""/>
    <prefLabel xml:lang="en">Stellar dynamics</prefLabel>
  </Concept>
  <Concept rdf:about="#Submillimeter">
    <broader rdf:resource="#SourcesAsAFunctionOfWavelength"/>
    <inScheme rdf:resource=""/>
    <prefLabel xml:lang="en">Submillimeter</prefLabel>
  </Concept>
  <Concept rdf:about="#SunAbundances">
    <broader rdf:resource="#TheSun"/>
    <inScheme rdf:resource=""/>
    <prefLabel xml:lang="en">Sun: abundances</prefLabel>
  </Concept>
  <Concept rdf:about="#SunActivity">
    <broader rdf:resource="#TheSun"/>
    <inScheme rdf:resource=""/>
    <prefLabel xml:lang="en">Sun: activity</prefLabel>
  </Concept>
  <Concept rdf:about="#SunAtmosphere">
    <broader rdf:resource="#TheSun"/>
    <inScheme rdf:resource=""/>
    <prefLabel xml:lang="en">Sun: atmosphere</prefLabel>
  </Concept>
  <Concept rdf:about="#SunChromosphere">
    <broader rdf:resource="#TheSun"/>
    <inScheme rdf:resource=""/>
    <prefLabel xml:lang="en">Sun: chromosphere</prefLabel>
  </Concept>
  <Concept rdf:about="#SunCorona">
    <broader rdf:resource="#TheSun"/>
    <inScheme rdf:resource=""/>
    <prefLabel xml:lang="en">Sun: corona</prefLabel>
  </Concept>
  <Concept rdf:about="#SunCoronalMassEjections">
    <altLabel xml:lang="en">CMEs</altLabel>
    <broader rdf:resource="#TheSun"/>
    <inScheme rdf:resource=""/>
    <prefLabel xml:lang="en">Sun: coronal mass ejections</prefLabel>
  </Concept>
  <Concept rdf:about="#SunEvolution">
    <broader rdf:resource="#TheSun"/>
    <inScheme rdf:resource=""/>
    <prefLabel xml:lang="en">Sun: evolution</prefLabel>
  </Concept>
  <Concept rdf:about="#SunFaculaePlages">
    <broader rdf:resource="#TheSun"/>
    <inScheme rdf:resource=""/>
    <prefLabel xml:lang="en">Sun: faculae, plages</prefLabel>
  </Concept>
  <Concept rdf:about="#SunFilaments">
    <broader rdf:resource="#TheSun"/>
    <inScheme rdf:resource=""/>
    <prefLabel xml:lang="en">Sun: filaments</prefLabel>
  </Concept>
  <Concept rdf:about="#SunFlares">
    <broader rdf:resource="#TheSun"/>
    <inScheme rdf:resource=""/>
    <prefLabel xml:lang="en">Sun: flares</prefLabel>
  </Concept>
  <Concept rdf:about="#SunFundamentalParameters">
    <broader rdf:resource="#TheSun"/>
    <inScheme rdf:resource=""/>
    <prefLabel xml:lang="en">Sun: fundamental parameters</prefLabel>
  </Concept>
  <Concept rdf:about="#SunGeneral">
    <broader rdf:resource="#TheSun"/>
    <inScheme rdf:resource=""/>
    <prefLabel xml:lang="en">Sun: general</prefLabel>
  </Concept>
  <Concept rdf:about="#SunGranulation">
    <broader rdf:resource="#TheSun"/>
    <inScheme rdf:resource=""/>
    <prefLabel xml:lang="en">Sun: granulation</prefLabel>
  </Concept>
  <Concept rdf:about="#SunHelioseismology">
    <broader rdf:resource="#TheSun"/>
    <inScheme rdf:resource=""/>
    <prefLabel xml:lang="en">Sun: helioseismology</prefLabel>
  </Concept>
  <Concept rdf:about="#SunInfrared">
    <broader rdf:resource="#TheSun"/>
    <inScheme rdf:resource=""/>
    <prefLabel xml:lang="en">Sun: infrared</prefLabel>
  </Concept>
  <Concept rdf:about="#SunInterior">
    <broader rdf:resource="#TheSun"/>
    <inScheme rdf:resource=""/>
    <prefLabel xml:lang="en">Sun: interior</prefLabel>
  </Concept>
  <Concept rdf:about="#SunMagneticFields">
    <broader rdf:resource="#TheSun"/>
    <inScheme rdf:resource=""/>
    <prefLabel xml:lang="en">Sun: magnetic fields</prefLabel>
  </Concept>
  <Concept rdf:about="#SunOscillations">
    <broader rdf:resource="#TheSun"/>
    <inScheme rdf:resource=""/>
    <prefLabel xml:lang="en">Sun: oscillations</prefLabel>
  </Concept>
  <Concept rdf:about="#SunParticleEmission">
    <broader rdf:resource="#TheSun"/>
    <inScheme rdf:resource=""/>
    <prefLabel xml:lang="en">Sun: particle emission</prefLabel>
  </Concept>
  <Concept rdf:about="#SunPhotosphere">
    <broader rdf:resource="#TheSun"/>
    <inScheme rdf:resource=""/>
    <prefLabel xml:lang="en">Sun: photosphere</prefLabel>
  </Concept>
  <Concept rdf:about="#SunProminences">
    <broader rdf:resource="#TheSun"/>
    <inScheme rdf:resource=""/>
    <prefLabel xml:lang="en">Sun: prominences</prefLabel>
  </Concept>
  <Concept rdf:about="#SunRadioRadiation">
    <broader rdf:resource="#TheSun"/>
    <inScheme rdf:resource=""/>
    <prefLabel xml:lang="en">Sun: radio radiation</prefLabel>
  </Concept>
  <Concept rdf:about="#SunRotation">
    <broader rdf:resource="#TheSun"/>
    <inScheme rdf:resource=""/>
    <prefLabel xml:lang="en">Sun: rotation</prefLabel>
  </Concept>
  <Concept rdf:about="#SunSolarWind">
    <broader rdf:resource="#TheSun"/>
    <inScheme rdf:resource=""/>
    <prefLabel xml:lang="en">Solar wind</prefLabel>
  </Concept>
  <Concept rdf:about="#SunSolarterrestrialRelations">
    <broader rdf:resource="#TheSun"/>
    <inScheme rdf:resource=""/>
    <prefLabel xml:lang="en">Solar-terrestrial relations</prefLabel>
  </Concept>
  <Concept rdf:about="#SunSunspots">
    <broader rdf:resource="#TheSun"/>
    <inScheme rdf:resource=""/>
    <prefLabel xml:lang="en">Sunspots</prefLabel>
  </Concept>
  <Concept rdf:about="#SunTransitionRegion">
    <broader rdf:resource="#TheSun"/>
    <inScheme rdf:resource=""/>
    <prefLabel xml:lang="en">Sun: transition region</prefLabel>
  </Concept>
  <Concept rdf:about="#SunUvRadiation">
    <broader rdf:resource="#TheSun"/>
    <inScheme rdf:resource=""/>
    <prefLabel xml:lang="en">Sun: UV radiation</prefLabel>
  </Concept>
  <Concept rdf:about="#SunXraysGammaRays">
    <broader rdf:resource="#TheSun"/>
    <inScheme rdf:resource=""/>
    <prefLabel xml:lang="en">Sun: X-rays, gamma rays</prefLabel>
  </Concept>
  <Concept rdf:about="#Surveys">
    <broader rdf:resource="#AstronomicalDataBases"/>
    <inScheme rdf:resource=""/>
    <prefLabel xml:lang="en">Surveys</prefLabel>
  </Concept>
  <Concept rdf:about="#TechniquesHighAngularResolution">
    <broader rdf:resource="#AstronomicalInstrumentationMethodsAndTechniques"/>
    <inScheme rdf:resource=""/>
    <prefLabel xml:lang="en">Techniques: high angular resolution</prefLabel>
  </Concept>
  <Concept rdf:about="#TechniquesImageProcessing">
    <broader rdf:resource="#AstronomicalInstrumentationMethodsAndTechniques"/>
    <inScheme rdf:resource=""/>
    <prefLabel xml:lang="en">Techniques: image processing</prefLabel>
  </Concept>
  <Concept rdf:about="#TechniquesInterferometric">
    <broader rdf:resource="#AstronomicalInstrumentationMethodsAndTechniques"/>
    <inScheme rdf:resource=""/>
    <prefLabel xml:lang="en">Techniques: interferometric</prefLabel>
  </Concept>
  <Concept rdf:about="#TechniquesMiscellaneous">
    <broader rdf:resource="#AstronomicalInstrumentationMethodsAndTechniques"/>
    <inScheme rdf:resource=""/>
    <prefLabel xml:lang="en">Techniques: miscellaneous</prefLabel>
  </Concept>
  <Concept rdf:about="#TechniquesPhotometric">
    <broader rdf:resource="#AstronomicalInstrumentationMethodsAndTechniques"/>
    <inScheme rdf:resource=""/>
    <prefLabel xml:lang="en">Techniques: photometric</prefLabel>
  </Concept>
  <Concept rdf:about="#TechniquesPolarimetric">
    <broader rdf:resource="#AstronomicalInstrumentationMethodsAndTechniques"/>
    <inScheme rdf:resource=""/>
    <prefLabel xml:lang="en">Techniques: polarimetric</prefLabel>
  </Concept>
  <Concept rdf:about="#TechniquesRadarAstronomy">
    <broader rdf:resource="#AstronomicalInstrumentationMethodsAndTechniques"/>
    <inScheme rdf:resource=""/>
    <prefLabel xml:lang="en">Techniques: radar astronomy</prefLabel>
  </Concept>
  <Concept rdf:about="#TechniquesRadialVelocities">
    <broader rdf:resource="#AstronomicalInstrumentationMethodsAndTechniques"/>
    <inScheme rdf:resource=""/>
    <prefLabel xml:lang="en">Techniques: radial velocities</prefLabel>
  </Concept>
  <Concept rdf:about="#TechniquesSpectroscopic">
    <broader rdf:resource="#AstronomicalInstrumentationMethodsAndTechniques"/>
    <inScheme rdf:resource=""/>
    <prefLabel xml:lang="en">Techniques: spectroscopic</prefLabel>
  </Concept>
  <Concept rdf:about="#Telescopes">
    <broader rdf:resource="#AstronomicalInstrumentationMethodsAndTechniques"/>
    <inScheme rdf:resource=""/>
    <prefLabel xml:lang="en">Telescopes</prefLabel>
  </Concept>
  <Concept rdf:about="#TheGalaxy">
    <inScheme rdf:resource=""/>
    <narrower rdf:resource="#GalaxyAbundances"/>
    <narrower rdf:resource="#GalaxyBulge"/>
    <narrower rdf:resource="#GalaxyCenter"/>
    <narrower rdf:resource="#GalaxyDisk"/>
    <narrower rdf:resource="#GalaxyEvolution"/>
    <narrower rdf:resource="#GalaxyFormation"/>
    <narrower rdf:resource="#GalaxyFundamentalParameters"/>
    <narrower rdf:resource="#GalaxyGeneral"/>
    <narrower rdf:resource="#GalaxyGlobularClustersGeneral"/>
    <narrower rdf:resource="#GalaxyHalo"/>
    <narrower rdf:resource="#GalaxyKinematicsAndDynamics"/>
    <narrower rdf:resource="#GalaxyNucleus"/>
    <narrower rdf:resource="#GalaxyOpenClustersAndAssociationsgeneral"/>
    <narrower rdf:resource="#GalaxySolarNeighbourhood"/>
    <narrower rdf:resource="#GalaxyStellarContent"/>
    <narrower rdf:resource="#GalaxyStructure"/>
    <prefLabel xml:lang="en">The Galaxy</prefLabel>
  </Concept>
  <Concept rdf:about="#TheSun">
    <inScheme rdf:resource=""/>
    <narrower rdf:resource="#SunAbundances"/>
    <narrower rdf:resource="#SunActivity"/>
    <narrower rdf:resource="#SunAtmosphere"/>
    <narrower rdf:resource="#SunChromosphere"/>
    <narrower rdf:resource="#SunCorona"/>
    <narrower rdf:resource="#SunCoronalMassEjections"/>
    <narrower rdf:resource="#SunEvolution"/>
    <narrower rdf:resource="#SunFaculaePlages"/>
    <narrower rdf:resource="#SunFilaments"/>
    <narrower rdf:resource="#SunFlares"/>
    <narrower rdf:resource="#SunFundamentalParameters"/>
    <narrower rdf:resource="#SunGeneral"/>
    <narrower rdf:resource="#SunGranulation"/>
    <narrower rdf:resource="#SunHelioseismology"/>
    <narrower rdf:resource="#SunInfrared"/>
    <narrower rdf:resource="#SunInterior"/>
    <narrower rdf:resource="#SunMagneticFields"/>
    <narrower rdf:resource="#SunOscillations"/>
    <narrower rdf:resource="#SunParticleEmission"/>
    <narrower rdf:resource="#SunPhotosphere"/>
    <narrower rdf:resource="#SunProminences"/>
    <narrower rdf:resource="#SunRadioRadiation"/>
    <narrower rdf:resource="#SunRotation"/>
    <narrower rdf:resource="#SunSolarWind"/>
    <narrower rdf:resource="#SunSolarterrestrialRelations"/>
    <narrower rdf:resource="#SunSunspots"/>
    <narrower rdf:resource="#SunTransitionRegion"/>
    <narrower rdf:resource="#SunUvRadiation"/>
    <narrower rdf:resource="#SunXraysGammaRays"/>
    <prefLabel xml:lang="en">The Sun</prefLabel>
  </Concept>
  <Concept rdf:about="#Time">
    <broader rdf:resource="#AstrometryAndCelestialMechanics"/>
    <inScheme rdf:resource=""/>
    <prefLabel xml:lang="en">Time</prefLabel>
  </Concept>
  <Concept rdf:about="#Turbulence">
    <broader rdf:resource="#PhysicalDataAndProcesses"/>
    <inScheme rdf:resource=""/>
    <prefLabel xml:lang="en">Turbulence</prefLabel>
  </Concept>
  <Concept rdf:about="#UltravioletGalaxies">
    <broader rdf:resource="#SourcesAsAFunctionOfWavelength"/>
    <inScheme rdf:resource=""/>
    <prefLabel xml:lang="en">Ultraviolet: galaxies</prefLabel>
  </Concept>
  <Concept rdf:about="#UltravioletGeneral">
    <broader rdf:resource="#SourcesAsAFunctionOfWavelength"/>
    <inScheme rdf:resource=""/>
    <prefLabel xml:lang="en">Ultraviolet: general</prefLabel>
  </Concept>
  <Concept rdf:about="#UltravioletIsm">
    <broader rdf:resource="#SourcesAsAFunctionOfWavelength"/>
    <inScheme rdf:resource=""/>
    <prefLabel xml:lang="en">Ultraviolet: ISM</prefLabel>
  </Concept>
  <Concept rdf:about="#UltravioletSolarSystem">
    <broader rdf:resource="#SourcesAsAFunctionOfWavelength"/>
    <inScheme rdf:resource=""/>
    <prefLabel xml:lang="en">Ultraviolet: solar system</prefLabel>
  </Concept>
  <Concept rdf:about="#UltravioletStars">
    <broader rdf:resource="#SourcesAsAFunctionOfWavelength"/>
    <inScheme rdf:resource=""/>
    <prefLabel xml:lang="en">Ultraviolet: stars</prefLabel>
  </Concept>
  <Concept rdf:about="#Waves">
    <broader rdf:resource="#PhysicalDataAndProcesses"/>
    <inScheme rdf:resource=""/>
    <prefLabel xml:lang="en">Waves</prefLabel>
  </Concept>
  <Concept rdf:about="#XraysBinaries">
    <broader rdf:resource="#SourcesAsAFunctionOfWavelength"/>
    <inScheme rdf:resource=""/>
    <prefLabel xml:lang="en">X-rays: binaries</prefLabel>
  </Concept>
  <Concept rdf:about="#XraysBursts">
    <broader rdf:resource="#SourcesAsAFunctionOfWavelength"/>
    <inScheme rdf:resource=""/>
    <prefLabel xml:lang="en">X-rays: bursts</prefLabel>
  </Concept>
  <Concept rdf:about="#XraysDiffuseBackground">
    <broader rdf:resource="#SourcesAsAFunctionOfWavelength"/>
    <inScheme rdf:resource=""/>
    <prefLabel xml:lang="en">X-rays: diffuse background</prefLabel>
  </Concept>
  <Concept rdf:about="#XraysGalaxies">
    <broader rdf:resource="#SourcesAsAFunctionOfWavelength"/>
    <inScheme rdf:resource=""/>
    <prefLabel xml:lang="en">X-rays: galaxies</prefLabel>
  </Concept>
  <Concept rdf:about="#XraysGalaxiesClusters">
    <broader rdf:resource="#SourcesAsAFunctionOfWavelength"/>
    <inScheme rdf:resource=""/>
    <prefLabel xml:lang="en">X-rays: galaxies: clusters</prefLabel>
  </Concept>
  <Concept rdf:about="#XraysGeneral">
    <broader rdf:resource="#SourcesAsAFunctionOfWavelength"/>
    <inScheme rdf:resource=""/>
    <prefLabel xml:lang="en">X-rays: general</prefLabel>
  </Concept>
  <Concept rdf:about="#XraysIsm">
    <broader rdf:resource="#SourcesAsAFunctionOfWavelength"/>
    <inScheme rdf:resource=""/>
    <prefLabel xml:lang="en">X-rays: ISM</prefLabel>
  </Concept>
  <Concept rdf:about="#XraysStars">
    <broader rdf:resource="#SourcesAsAFunctionOfWavelength"/>
    <inScheme rdf:resource=""/>
    <prefLabel xml:lang="en">X-rays: stars</prefLabel>
  </Concept>
  <Collection>
    <rdfs:label xml:lang="en">Line</rdfs:label>
    <member rdf:resource="#LineFormation"/>
    <member rdf:resource="#LineIdentification"/>
    <member rdf:resource="#LineProfiles"/>
  </Collection>
  <Collection>
    <rdfs:label xml:lang="en">Radiation mechanisms</rdfs:label>
    <member rdf:resource="#RadiationMechanismsGeneral"/>
    <member rdf:resource="#RadiationMechanismsNonthermal"/>
    <member rdf:resource="#RadiationMechanismsThermal"/>
  </Collection>
  <Collection>
    <rdfs:label xml:lang="en">Instrumentation</rdfs:label>
    <member rdf:resource="#InstrumentationAdaptiveOptics"/>
    <member rdf:resource="#InstrumentationDetectors"/>
    <member rdf:resource="#InstrumentationHighAngularResolution"/>
    <member rdf:resource="#InstrumentationInterferometers"/>
    <member rdf:resource="#InstrumentationMiscellaneous"/>
    <member rdf:resource="#InstrumentationPhotometers"/>
    <member rdf:resource="#InstrumentationPolarimeters"/>
    <member rdf:resource="#InstrumentationSpectrographs"/>
  </Collection>
  <Collection>
    <rdfs:label xml:lang="en">Methods</rdfs:label>
    <member rdf:resource="#MethodsAnalytical"/>
    <member rdf:resource="#MethodsDataAnalysis"/>
    <member rdf:resource="#MethodsLaboratory"/>
    <member rdf:resource="#MethodsMiscellaneous"/>
    <member rdf:resource="#MethodsNbodySimulations"/>
    <member rdf:resource="#MethodsNumerical"/>
    <member rdf:resource="#MethodsObservational"/>
    <member rdf:resource="#MethodsStatistical"/>
  </Collection>
  <Collection>
    <rdfs:label xml:lang="en">Space vehicles</rdfs:label>
    <member rdf:resource="#SpaceVehicles"/>
    <member rdf:resource="#SpaceVehiclesInstruments"/>
  </Collection>
  <Collection>
    <rdfs:label xml:lang="en">Techniques</rdfs:label>
    <member rdf:resource="#TechniquesHighAngularResolution"/>
    <member rdf:resource="#TechniquesImageProcessing"/>
    <member rdf:resource="#TechniquesInterferometric"/>
    <member rdf:resource="#TechniquesMiscellaneous"/>
    <member rdf:resource="#TechniquesPhotometric"/>
    <member rdf:resource="#TechniquesPolarimetric"/>
    <member rdf:resource="#TechniquesRadarAstronomy"/>
    <member rdf:resource="#TechniquesRadialVelocities"/>
    <member rdf:resource="#TechniquesSpectroscopic"/>
  </Collection>
  <Collection>
    <rdfs:label xml:lang="en">Astronomical data bases</rdfs:label>
    <member rdf:resource="#AstronomicalDataBasesMiscellaneous"/>
  </Collection>
  <Collection>
    <rdfs:label xml:lang="en">The Sun</rdfs:label>
    <member rdf:resource="#SunAbundances"/>
    <member rdf:resource="#SunActivity"/>
    <member rdf:resource="#SunAtmosphere"/>
    <member rdf:resource="#SunChromosphere"/>
    <member rdf:resource="#SunCorona"/>
    <member rdf:resource="#SunCoronalMassEjections"/>
    <member rdf:resource="#SunEvolution"/>
    <member rdf:resource="#SunFaculaePlages"/>
    <member rdf:resource="#SunFilaments"/>
    <member rdf:resource="#SunFlares"/>
    <member rdf:resource="#SunFundamentalParameters"/>
    <member rdf:resource="#SunGeneral"/>
    <member rdf:resource="#SunGranulation"/>
    <member rdf:resource="#SunHelioseismology"/>
    <member rdf:resource="#SunInfrared"/>
    <member rdf:resource="#SunInterior"/>
    <member rdf:resource="#SunMagneticFields"/>
    <member rdf:resource="#SunOscillations"/>
    <member rdf:resource="#SunParticleEmission"/>
    <member rdf:resource="#SunPhotosphere"/>
    <member rdf:resource="#SunProminences"/>
    <member rdf:resource="#SunRadioRadiation"/>
    <member rdf:resource="#SunRotation"/>
    <member rdf:resource="#SunSolarWind"/>
    <member rdf:resource="#SunSolarterrestrialRelations"/>
    <member rdf:resource="#SunSunspots"/>
    <member rdf:resource="#SunTransitionRegion"/>
    <member rdf:resource="#SunUvRadiation"/>
    <member rdf:resource="#SunXraysGammaRays"/>
  </Collection>
  <Collection>
    <rdfs:label xml:lang="en">Comets</rdfs:label>
    <member rdf:resource="#CometsGeneral"/>
    <member>
      <Collection>
        <rdfs:label xml:lang="en">Comets: individual</rdfs:label>
      </Collection>
    </member>
  </Collection>
  <Collection>
    <rdfs:label xml:lang="en">Planets</rdfs:label>
    <member rdf:resource="#PlanetsRings"/>
  </Collection>
  <Collection>
    <rdfs:label xml:lang="en">Planets and satellites</rdfs:label>
    <member rdf:resource="#PlanetsAndSatellitesFormation"/>
    <member rdf:resource="#PlanetsAndSatellitesGeneral"/>
    <member>
      <OrderedCollection>
        <rdfs:label xml:lang="en">Planets and satellites: individual</rdfs:label>
      </OrderedCollection>
    </member>
  </Collection>
  <Collection>
    <rdfs:label xml:lang="en">Solar system</rdfs:label>
    <member rdf:resource="#SolarSystemFormation"/>
    <member rdf:resource="#SolarSystemGeneral"/>
  </Collection>
  <Collection>
    <rdfs:label xml:lang="en">Stars</rdfs:label>
    <member rdf:resource="#StarsAbundances"/>
    <member rdf:resource="#StarsActivity"/>
    <member rdf:resource="#StarsAgbAndPostagb"/>
    <member rdf:resource="#StarsAtmospheres"/>
    <member rdf:resource="#StarsBlueStragglers"/>
    <member rdf:resource="#StarsCarbon"/>
    <member rdf:resource="#StarsChemicallyPeculiar"/>
    <member rdf:resource="#StarsChromospheres"/>
    <member rdf:resource="#StarsCircumstellarMatter"/>
    <member rdf:resource="#StarsCoronae"/>
    <member rdf:resource="#StarsDistances"/>
    <member rdf:resource="#StarsDwarfNovae"/>
    <member rdf:resource="#StarsEarlytype"/>
    <member rdf:resource="#StarsEmissionlineBe"/>
    <member rdf:resource="#StarsEvolution"/>
    <member rdf:resource="#StarsFlare"/>
    <member rdf:resource="#StarsFormation"/>
    <member rdf:resource="#StarsFundamentalParameters"/>
    <member rdf:resource="#StarsGeneral"/>
    <member rdf:resource="#StarsHertzsprungrussellAndCmDiagrams"/>
    <member rdf:resource="#StarsHorizontalbranch"/>
    <member rdf:resource="#StarsImaging"/>
    <member rdf:resource="#StarsInteriors"/>
    <member rdf:resource="#StarsKinematics"/>
    <member rdf:resource="#StarsLatetype"/>
    <member rdf:resource="#StarsLowmassBrownDwarfs"/>
    <member rdf:resource="#StarsLuminosityFunctionMassFunction"/>
    <member rdf:resource="#StarsMagneticFields"/>
    <member rdf:resource="#StarsMassloss"/>
    <member rdf:resource="#StarsNeutron"/>
    <member rdf:resource="#StarsNovaeCataclysmicVariables"/>
    <member rdf:resource="#StarsOscillations"/>
    <member rdf:resource="#StarsPeculiar"/>
    <member rdf:resource="#StarsPopulationIi"/>
    <member rdf:resource="#StarsPremainSequence"/>
    <member rdf:resource="#StarsRotation"/>
    <member rdf:resource="#StarsStarspots"/>
    <member rdf:resource="#StarsStatistics"/>
    <member rdf:resource="#StarsSubdwarfs"/>
    <member rdf:resource="#StarsSupergiants"/>
    <member rdf:resource="#StarsWhiteDwarfs"/>
    <member rdf:resource="#StarsWindsOutflows"/>
    <member rdf:resource="#StarsWolfrayet"/>
    <member>
      <Collection>
        <rdfs:label xml:lang="en">Stars: Binaries</rdfs:label>
        <member rdf:resource="#StarsBinariesClose"/>
        <member rdf:resource="#StarsBinariesEclipsing"/>
        <member rdf:resource="#StarsBinariesGeneral"/>
        <member rdf:resource="#StarsBinariesSpectroscopic"/>
        <member rdf:resource="#StarsBinariesSymbiotic"/>
        <member rdf:resource="#StarsBinariesVisual"/>
      </Collection>
    </member>
    <member>
      <Collection>
        <rdfs:label xml:lang="en">Stars: individual</rdfs:label>
      </Collection>
    </member>
    <member>
      <Collection>
        <rdfs:label xml:lang="en">Stars: Planetary systems</rdfs:label>
        <member rdf:resource="#StarsPlanetarySystems"/>
        <member rdf:resource="#StarsPlanetarySystemsFormation"/>
        <member rdf:resource="#StarsPlanetarySystemsProtoplanetaryDisks"/>
      </Collection>
    </member>
    <member>
      <Collection>
        <rdfs:label xml:lang="en">Stars: Pulsars</rdfs:label>
        <member rdf:resource="#StarsPulsarsGeneral"/>
        <member>
          <Collection>
            <rdfs:label xml:lang="en">(Stars:) pulsars: individual</rdfs:label>
          </Collection>
        </member>
      </Collection>
    </member>
    <member>
      <Collection>
        <rdfs:label xml:lang="en">Stars: Supernovae</rdfs:label>
        <member rdf:resource="#StarsSupernovaeGeneral"/>
        <member>
          <Collection>
            <rdfs:label xml:lang="en">(Stars:) supernovae: individual</rdfs:label>
          </Collection>
        </member>
      </Collection>
    </member>
    <member>
      <Collection>
        <rdfs:label xml:lang="en">Stars: Variables</rdfs:label>
        <member rdf:resource="#StarsVariablesCepheids"/>
        <member rdf:resource="#StarsVariablesDeltaSct"/>
        <member rdf:resource="#StarsVariablesGeneral"/>
        <member rdf:resource="#StarsVariablesRrLyr"/>
      </Collection>
    </member>
  </Collection>
  <Collection>
    <rdfs:label xml:lang="en">Interstellar medium</rdfs:label>
    <member rdf:resource="#IsmAbundances"/>
    <member rdf:resource="#IsmAtoms"/>
    <member rdf:resource="#IsmBubbles"/>
    <member rdf:resource="#IsmClouds"/>
    <member rdf:resource="#IsmCosmicRays"/>
    <member rdf:resource="#IsmDustExtinction"/>
    <member rdf:resource="#IsmEvolution"/>
    <member rdf:resource="#IsmGeneral"/>
    <member rdf:resource="#IsmHerbigharoObjects"/>
    <member rdf:resource="#IsmHiiRegions"/>
    <member rdf:resource="#IsmJetsAndOutflows"/>
    <member rdf:resource="#IsmKinematicsAndDynamics"/>
    <member rdf:resource="#IsmLinesAndBands"/>
    <member rdf:resource="#IsmMagneticFields"/>
    <member rdf:resource="#IsmMolecules"/>
    <member rdf:resource="#IsmReflectionNebulae"/>
    <member rdf:resource="#IsmStructure"/>
    <member rdf:resource="#IsmSupernovaRemnants"/>
    <member>
      <Collection>
        <rdfs:label xml:lang="en">ISM: individual objects (except planetary nebulae)</rdfs:label>
      </Collection>
    </member>
    <member>
      <Collection>
        <rdfs:label xml:lang="en">ISM: Planetary nebulae</rdfs:label>
        <member rdf:resource="#IsmPlanetaryNebulaeGeneral"/>
        <member>
          <Collection>
            <rdfs:label xml:lang="en">(ISM:) planetary nebulae: individual</rdfs:label>
          </Collection>
        </member>
      </Collection>
    </member>
  </Collection>
  <Collection>
    <rdfs:label xml:lang="en">Galaxy</rdfs:label>
    <member rdf:resource="#GalaxyAbundances"/>
    <member rdf:resource="#GalaxyBulge"/>
    <member rdf:resource="#GalaxyCenter"/>
    <member rdf:resource="#GalaxyDisk"/>
    <member rdf:resource="#GalaxyEvolution"/>
    <member rdf:resource="#GalaxyFormation"/>
    <member rdf:resource="#GalaxyFundamentalParameters"/>
    <member rdf:resource="#GalaxyGeneral"/>
    <member rdf:resource="#GalaxyHalo"/>
    <member rdf:resource="#GalaxyKinematicsAndDynamics"/>
    <member rdf:resource="#GalaxyNucleus"/>
    <member rdf:resource="#GalaxySolarNeighbourhood"/>
    <member rdf:resource="#GalaxyStellarContent"/>
    <member rdf:resource="#GalaxyStructure"/>
    <member>
      <Collection>
        <rdfs:label xml:lang="en">Galaxy: Globular clusters</rdfs:label>
        <member rdf:resource="#GalaxyGlobularClustersGeneral"/>
        <member>
          <Collection>
            <rdfs:label xml:lang="en">(Galaxy:) globular clusters: individual</rdfs:label>
          </Collection>
        </member>
      </Collection>
    </member>
    <member>
      <Collection>
        <rdfs:label xml:lang="en">Galaxy: Open clusters and associations</rdfs:label>
        <member rdf:resource="#GalaxyOpenClustersAndAssociationsgeneral"/>
        <member>
          <Collection>
            <rdfs:label xml:lang="en">(Galaxy:) open clusters and associations:individual</rdfs:label>
          </Collection>
        </member>
      </Collection>
    </member>
  </Collection>
  <Collection>
    <rdfs:label xml:lang="en">Galaxies</rdfs:label>
    <member rdf:resource="#GalaxiesAbundances"/>
    <member rdf:resource="#GalaxiesActive"/>
    <member rdf:resource="#GalaxiesBulges"/>
    <member rdf:resource="#GalaxiesCoolingFlows"/>
    <member rdf:resource="#GalaxiesDistancesAndRedshifts"/>
    <member rdf:resource="#GalaxiesDwarf"/>
    <member rdf:resource="#GalaxiesEllipticalAndLenticularCd"/>
    <member rdf:resource="#GalaxiesEvolution"/>
    <member rdf:resource="#GalaxiesFormation"/>
    <member rdf:resource="#GalaxiesFundamentalParameters"/>
    <member rdf:resource="#GalaxiesGeneral"/>
    <member rdf:resource="#GalaxiesHalos"/>
    <member rdf:resource="#GalaxiesHighredshift"/>
    <member rdf:resource="#GalaxiesInteractions"/>
    <member rdf:resource="#GalaxiesIntergalacticMedium"/>
    <member rdf:resource="#GalaxiesIrregular"/>
    <member rdf:resource="#GalaxiesIsm"/>
    <member rdf:resource="#GalaxiesJets"/>
    <member rdf:resource="#GalaxiesKinematicsAndDynamics"/>
    <member rdf:resource="#GalaxiesLocalGroup"/>
    <member rdf:resource="#GalaxiesLuminosityFunctionMassFunction"/>
    <member rdf:resource="#GalaxiesMagellanicClouds"/>
    <member rdf:resource="#GalaxiesMagneticFields"/>
    <member rdf:resource="#GalaxiesNuclei"/>
    <member rdf:resource="#GalaxiesPeculiar"/>
    <member rdf:resource="#GalaxiesPhotometry"/>
    <member rdf:resource="#GalaxiesSeyfert"/>
    <member rdf:resource="#GalaxiesSpiral"/>
    <member rdf:resource="#GalaxiesStarClusters"/>
    <member rdf:resource="#GalaxiesStarburst"/>
    <member rdf:resource="#GalaxiesStatistics"/>
    <member rdf:resource="#GalaxiesStellarContent"/>
    <member rdf:resource="#GalaxiesStructure"/>
    <member>
      <Collection>
        <rdfs:label xml:lang="en">Galaxies: BL Lacertae objects</rdfs:label>
        <member rdf:resource="#GalaxiesBlLacertaeObjectsGeneral"/>
        <member>
          <Collection>
            <rdfs:label xml:lang="en">(Galaxies:) BL Lacertae objects: individual</rdfs:label>
          </Collection>
        </member>
      </Collection>
    </member>
    <member>
      <Collection>
        <rdfs:label xml:lang="en">Galaxies: Clusters</rdfs:label>
        <member rdf:resource="#GalaxiesClustersGeneral"/>
        <member>
          <Collection>
            <rdfs:label xml:lang="en">Galaxies: clusters: indiviuals</rdfs:label>
          </Collection>
        </member>
      </Collection>
    </member>
    <member>
      <Collection>
        <rdfs:label xml:lang="en">Galaxies: individual</rdfs:label>
      </Collection>
    </member>
    <member>
      <Collection>
        <rdfs:label xml:lang="en">Galaxies: Quasars</rdfs:label>
        <member rdf:resource="#GalaxiesQuasarsAbsorptionLines"/>
        <member rdf:resource="#GalaxiesQuasarsEmissionLines"/>
        <member rdf:resource="#GalaxiesQuasarsGeneral"/>
        <member>
          <Collection>
            <rdfs:label xml:lang="en">(Galaxies:) quasars: individual</rdfs:label>
          </Collection>
        </member>
      </Collection>
    </member>
  </Collection>
  <Collection>
    <rdfs:label xml:lang="en">Cosmology</rdfs:label>
    <member rdf:resource="#CosmologyCosmicMicrowaveBackground"/>
    <member rdf:resource="#CosmologyCosmologicalParameters"/>
    <member rdf:resource="#CosmologyDarkMatter"/>
    <member rdf:resource="#CosmologyDiffuseRadiation"/>
    <member rdf:resource="#CosmologyDistanceScale"/>
    <member rdf:resource="#CosmologyEarlyUniverse"/>
    <member rdf:resource="#CosmologyLargescaleStructureOfUniverse"/>
    <member rdf:resource="#CosmologyMiscellaneous"/>
    <member rdf:resource="#CosmologyObservations"/>
    <member rdf:resource="#CosmologyTheory"/>
  </Collection>
  <Collection>
    <rdfs:label xml:lang="en">Gamma rays</rdfs:label>
    <member rdf:resource="#GammaRaysBursts"/>
    <member rdf:resource="#GammaRaysObservations"/>
    <member rdf:resource="#GammaRaysTheory"/>
  </Collection>
  <Collection>
    <rdfs:label xml:lang="en">Infrared</rdfs:label>
    <member rdf:resource="#InfraredGalaxies"/>
    <member rdf:resource="#InfraredGeneral"/>
    <member rdf:resource="#InfraredIsm"/>
    <member rdf:resource="#InfraredSolarSystem"/>
    <member rdf:resource="#InfraredStars"/>
  </Collection>
  <Collection>
    <rdfs:label xml:lang="en">Radio continuum</rdfs:label>
    <member rdf:resource="#RadioContinuumGalaxies"/>
    <member rdf:resource="#RadioContinuumGeneral"/>
    <member rdf:resource="#RadioContinuumIsm"/>
    <member rdf:resource="#RadioContinuumSolarSystem"/>
    <member rdf:resource="#RadioContinuumStars"/>
  </Collection>
  <Collection>
    <rdfs:label xml:lang="en">Radio lines</rdfs:label>
    <member rdf:resource="#RadioLinesGalaxies"/>
    <member rdf:resource="#RadioLinesGeneral"/>
    <member rdf:resource="#RadioLinesIsm"/>
    <member rdf:resource="#RadioLinesSolarSystem"/>
    <member rdf:resource="#RadioLinesStars"/>
  </Collection>
  <Collection>
    <rdfs:label xml:lang="en">Ultraviolet</rdfs:label>
    <member rdf:resource="#UltravioletGalaxies"/>
    <member rdf:resource="#UltravioletGeneral"/>
    <member rdf:resource="#UltravioletIsm"/>
    <member rdf:resource="#UltravioletSolarSystem"/>
    <member rdf:resource="#UltravioletStars"/>
  </Collection>
  <Collection>
    <rdfs:label xml:lang="en">X-rays</rdfs:label>
    <member rdf:resource="#XraysBinaries"/>
    <member rdf:resource="#XraysBursts"/>
    <member rdf:resource="#XraysDiffuseBackground"/>
    <member rdf:resource="#XraysGalaxies"/>
    <member rdf:resource="#XraysGalaxiesClusters"/>
    <member rdf:resource="#XraysGeneral"/>
    <member rdf:resource="#XraysIsm"/>
    <member rdf:resource="#XraysStars"/>
    <member>
      <Collection>
        <rdfs:label xml:lang="en">X-rays: individuals</rdfs:label>
      </Collection>
    </member>
  </Collection>
</rdf:RDF>
