<?xml version="1.0" encoding="UTF-8" standalone="yes"?>
<?xml-stylesheet type="text/xsl" href="xs3p.xslt"?>
<xs:schema version="1.0" xmlns:xs="http://www.w3.org/2001/XMLSchema">
	<xs:element name="conceptScheme" type="conceptScheme" />

	<xs:complexType name="conceptScheme">
		<xs:complexContent>
			<xs:extension base="noScheme">
				<xs:sequence>
					<xs:element name="notation" type="notationScheme"
						nillable="true" minOccurs="0" maxOccurs="unbounded" />
					<xs:choice minOccurs="0" maxOccurs="unbounded">
						<xs:element name="concept" type="concept" />
						<xs:element name="metadataProperty" type="metadataProperty" />
					</xs:choice>
				</xs:sequence>
			</xs:extension>
		</xs:complexContent>
	</xs:complexType>

	<xs:complexType name="term">
		<xs:simpleContent>
			<xs:extension base="xs:string">
				<xs:attribute name="lang" type="xs:string" />
			</xs:extension>
		</xs:simpleContent>
	</xs:complexType>

	<xs:complexType name="url">
		<xs:simpleContent>
			<xs:extension base="xs:anyURI">
				<xs:attribute name="lang" type="xs:string" />
			</xs:extension>
		</xs:simpleContent>
	</xs:complexType>

	<xs:complexType name="notationScheme">
		<xs:complexContent>
			<xs:extension base="noScheme">
			</xs:extension>
		</xs:complexContent>
	</xs:complexType>

	<xs:complexType name="collectionScheme">
		<xs:complexContent>
			<xs:extension base="noScheme">
				<xs:sequence>
					<xs:element name="member" type="xs:string" minOccurs="0"
						maxOccurs="unbounded" />
				</xs:sequence>
				<xs:attribute name="about" type="xs:ID" use="required" />
			</xs:extension>
		</xs:complexContent>
	</xs:complexType>

	<xs:complexType name="concept">
        <xs:annotation>
        	<xs:documentation></xs:documentation>
        </xs:annotation>
        <xs:sequence>
        	<xs:element name="prefLabel" type="term" nillable="true"
        		minOccurs="0" maxOccurs="unbounded" />
        	<xs:element name="altLabel" type="term" nillable="true"
        		minOccurs="0" maxOccurs="unbounded" />
        	<xs:element name="hiddenLabel" type="term"
        		maxOccurs="unbounded" minOccurs="0">
        	</xs:element>
        	<xs:element name="changeNote" type="term"
        		maxOccurs="unbounded" minOccurs="0">
        	</xs:element>
        	<xs:element name="definition" type="term"
        		maxOccurs="unbounded" minOccurs="0">
        	</xs:element>
        	<xs:element name="editorialNote" type="term" minOccurs="0"
        		maxOccurs="unbounded" />
        	<xs:element name="example" type="term" maxOccurs="unbounded"
        		minOccurs="0">
        	</xs:element>
        	<xs:element name="historyNote" type="term"
        		maxOccurs="unbounded" minOccurs="0">
        	</xs:element>
        	<xs:element name="scopeNote" type="term" nillable="true"
        		minOccurs="0" maxOccurs="unbounded" />
        	<xs:element name="internalNote" type="xs:string"
        		maxOccurs="1" minOccurs="0">
        	</xs:element>
        	<xs:element name="exactMatch" type="xs:string"
        		maxOccurs="unbounded" minOccurs="0">
        	</xs:element>
        	<xs:element name="closeMatch" type="xs:string" maxOccurs="unbounded" minOccurs="0"></xs:element>
        	<xs:element name="broader" type="xs:string" nillable="true"
        		minOccurs="0" maxOccurs="unbounded" />
        	<xs:element name="related" type="xs:string" nillable="true"
        		minOccurs="0" maxOccurs="unbounded" />
        	<xs:element name="broadMatch" type="xs:string"
        		maxOccurs="unbounded" minOccurs="0">
        	</xs:element>
        	<xs:element name="narrowMatch" type="xs:string"
        		maxOccurs="unbounded" minOccurs="0">
        	</xs:element>
        	<xs:element name="relatedMatch" type="xs:string"
        		maxOccurs="unbounded" minOccurs="0">
        	</xs:element>
        	<xs:element name="alias" type="xs:string" nillable="true"
        		minOccurs="0" maxOccurs="unbounded" />
        	<xs:element name="notation" type="notation" nillable="true"
        		minOccurs="0" maxOccurs="unbounded" />
        	<xs:element name="collection" type="xs:string"
        		maxOccurs="unbounded" minOccurs="0">
        	</xs:element>
        	<xs:element name="usage" type="referringApplication"
        		nillable="true" minOccurs="0" maxOccurs="unbounded" />
        	<xs:element name="narrowerUsage" type="referringApplication"
        		nillable="true" minOccurs="0" maxOccurs="unbounded" />
        	<xs:element name="url" type="url" nillable="true"
        		minOccurs="0" maxOccurs="unbounded" />
        	<xs:element name="icon" type="url" nillable="true"
        		minOccurs="0" maxOccurs="unbounded" />
        	<xs:element name="status" type="xs:string" maxOccurs="1"
        		minOccurs="0">
        	</xs:element>
        </xs:sequence>
        <xs:attribute name="about" type="xs:ID" use="required" />
		<xs:attribute name="sortKey" type="xs:long"></xs:attribute>
	</xs:complexType>

	<xs:complexType name="notation">
		<xs:simpleContent>
			<xs:extension base="xs:string">
				<xs:attribute name="scheme" type="xs:string" use="required" />
			</xs:extension>
		</xs:simpleContent>
	</xs:complexType>

	<xs:complexType name="referringApplication">
		<xs:sequence>
			<xs:element name="count" type="count" nillable="true"
				minOccurs="0" maxOccurs="unbounded" />
		</xs:sequence>
		<xs:attribute name="application" type="xs:string" use="required" />
	</xs:complexType>

	<xs:complexType name="count">
		<xs:simpleContent>
			<xs:extension base="xs:int">
				<xs:attribute name="role" type="xs:string" use="required" />
				<xs:attribute name="category" type="xs:string"/>
			</xs:extension>
		</xs:simpleContent>
	</xs:complexType>

	<xs:complexType name="metadataProperty">
		<xs:complexContent>
			<xs:extension base="concept">
				<xs:sequence>
					<xs:element name="languageCollection"
						type="xs:string" maxOccurs="1" minOccurs="0">
					</xs:element>
					<xs:element name="language" type="xs:string"
						nillable="true" minOccurs="0" maxOccurs="unbounded" />
					<xs:element name="prefix" type="xs:string"
						nillable="true" minOccurs="0" maxOccurs="unbounded" />
					<xs:element name="suffix" type="xs:string"
						nillable="true" minOccurs="0" maxOccurs="unbounded" />
					<xs:element name="defaultScheme" type="xs:string"
						minOccurs="0" />
					<xs:element name="defaultPrefix" type="xs:string"
						maxOccurs="1" minOccurs="0">
					</xs:element>
					<xs:element name="defaultSuffix" type="xs:string"
						maxOccurs="1" minOccurs="0">
					</xs:element>
					<xs:element name="conceptScheme" type="xs:string"
						nillable="true" minOccurs="0" maxOccurs="unbounded" />
					<xs:element name="notationScheme" type="xs:string"
						nillable="true" minOccurs="0" maxOccurs="unbounded" />
                    <xs:element name="broaderScheme" type="xs:string" maxOccurs="unbounded" minOccurs="0"></xs:element>
                    <xs:element name="external" type="xs:string"
						nillable="true" minOccurs="0" maxOccurs="unbounded" />
				</xs:sequence>
				<xs:attribute name="propertyClass" type="metadataPropertyClass"
					use="required" />
				<xs:attribute name="system" type="xs:boolean"></xs:attribute>
				<xs:attribute name="mandatory" type="xs:boolean" use="required" />
  			<xs:attribute name="repeatable" type="xs:boolean"
  				use="required" />
                <xs:attribute name="normalized" type="xs:boolean"></xs:attribute>
				<xs:attribute name="minLength" type="xs:int" use="required" />
				<xs:attribute name="maxLength" type="xs:int" use="required" />
				<xs:attribute name="closed" type="xs:boolean" use="required" />
				<xs:attribute name="maxPrefix" type="xs:int" />
				<xs:attribute name="maxSuffix" type="xs:int" />
  		</xs:extension>
		</xs:complexContent>
	</xs:complexType>

	<xs:complexType name="referringApplicationList">
		<xs:complexContent>
			<xs:extension base="linkedList">
				<xs:sequence />
			</xs:extension>
		</xs:complexContent>
	</xs:complexType>

	<xs:complexType name="linkedList">
		<xs:complexContent>
			<xs:extension base="abstractSequentialList">
				<xs:sequence />
			</xs:extension>
		</xs:complexContent>
	</xs:complexType>

	<xs:complexType name="abstractSequentialList" abstract="true">
		<xs:complexContent>
			<xs:extension base="abstractList">
				<xs:sequence />
			</xs:extension>
		</xs:complexContent>
	</xs:complexType>

	<xs:complexType name="abstractList" abstract="true">
		<xs:complexContent>
			<xs:extension base="abstractCollection">
				<xs:sequence />
			</xs:extension>
		</xs:complexContent>
	</xs:complexType>

	<xs:complexType name="abstractCollection" abstract="true">
		<xs:sequence />
	</xs:complexType>

	<xs:complexType name="termList">
		<xs:complexContent>
			<xs:extension base="linkedList">
				<xs:sequence />
			</xs:extension>
		</xs:complexContent>
	</xs:complexType>

	<xs:complexType name="urlList">
		<xs:complexContent>
			<xs:extension base="linkedList">
				<xs:sequence />
			</xs:extension>
		</xs:complexContent>
	</xs:complexType>

	<xs:complexType name="countList">
		<xs:complexContent>
			<xs:extension base="linkedList">
				<xs:sequence />
			</xs:extension>
		</xs:complexContent>
	</xs:complexType>

	<xs:complexType name="reflector">
		<xs:sequence />
	</xs:complexType>


  <xs:complexType name="schemeUsage">
    <xs:sequence>
      <xs:element name="searchURL" type="xs:anyURI" minOccurs="0"/>
      <xs:element name="previewURL" type="xs:anyURI" minOccurs="0"/>
      <xs:element name="completeURL" type="xs:anyURI" minOccurs="0"/>
    </xs:sequence>
    <xs:attribute name="role" type="xs:string" use="required"/>
  </xs:complexType>

  <xs:simpleType name="metadataPropertyClass">
  	<xs:restriction base="xs:string">
  		<xs:enumeration value="CODE" />
  		<xs:enumeration value="URI" />
  		<xs:enumeration value="TEXT" />
  		<xs:enumeration value="NUMBER" />
  		<xs:enumeration value="DATE" />
  		<xs:enumeration value="NAME"></xs:enumeration>
  		<xs:enumeration value="EMAIL"></xs:enumeration>
  	</xs:restriction>
  </xs:simpleType>

  <xs:complexType name="noScheme">
  	<xs:sequence>
  		<xs:element name="title" type="term" nillable="true"
  			minOccurs="0" maxOccurs="unbounded" />
  		<xs:element name="namespace" type="xs:anyURI" minOccurs="0" />
  		<xs:element name="supraLanguage" type="xs:string"
  			minOccurs="0" maxOccurs="unbounded" />
  		<xs:element name="help" type="url" nillable="true"
  			minOccurs="0" maxOccurs="unbounded" />
  		<xs:element name="icon" type="url" nillable="true"
  			minOccurs="0" maxOccurs="unbounded" />
  		<xs:element name="display" type="url" nillable="true"
  			minOccurs="0" maxOccurs="unbounded" />
  		<xs:element name="create" type="url" maxOccurs="unbounded"
  			minOccurs="0">
  		</xs:element>
  		<xs:element name="internalNote" type="xs:string"
  			minOccurs="0" />
  	</xs:sequence>
  	<xs:attribute name="about" type="xs:ID" use="required" />
  	<xs:attribute name="application" type="xs:string"></xs:attribute>
  </xs:complexType>
</xs:schema>

