﻿<?xml version="1.0"?>
<conceptScheme about="language">
<title lang="en">Languages</title>
<title lang="fr">Langues</title>
<title lang="de">Spraach</title>
<title lang="nl">Taalen</title>
<title lang="es">Linguas</title>
<notation about="iso6392">
<title lang="en">Languages (3 letters)</title>
<title lang="fr">Langues (3 lettres)</title>
<title lang="de">Spraach (3 let.)</title>
<title lang="nl">Taalen (3 letters)</title>
<title lang="es">Linguas (3 literas)</title>
</notation>
<concept about="aa">
<prefLabel lang="fr">Afar</prefLabel>
<prefLabel lang="en">Afar</prefLabel>
<prefLabel lang="nl">Afar, Hamitisch</prefLabel>
<prefLabel lang="de">Afar</prefLabel>
<prefLabel lang="es">afar </prefLabel>
<notation scheme="iso6392">aar</notation>
</concept>
<concept about="ab">
<prefLabel lang="fr">Abkhaze</prefLabel>
<prefLabel lang="en">Abkhazian</prefLabel>
<prefLabel lang="nl">Abchazisch</prefLabel>
<prefLabel lang="de">Abchasisch</prefLabel>
<prefLabel lang="es">abjaso (o abjasiano) </prefLabel>
<notation scheme="iso6392">abk</notation>
</concept>
<concept about="ae">
<prefLabel lang="fr">Avestique</prefLabel>
<prefLabel lang="en">Avestan</prefLabel>
<prefLabel lang="nl">Avestisch</prefLabel>
<prefLabel lang="de">Avestisch</prefLabel>
<prefLabel lang="es">avéstico </prefLabel>
<notation scheme="iso6392">ave</notation>
</concept>
<concept about="af">
<prefLabel lang="fr">Afrikaans</prefLabel>
<prefLabel lang="en">Afrikaans</prefLabel>
<prefLabel lang="nl">Afrikaans</prefLabel>
<prefLabel lang="de">Afrikaans</prefLabel>
<prefLabel lang="es">afrikaans </prefLabel>
<notation scheme="iso6392">afr</notation>
</concept>
<concept about="ak">
<prefLabel lang="fr">Akan</prefLabel>
<prefLabel lang="en">Akan</prefLabel>
<prefLabel lang="nl">Akan</prefLabel>
<prefLabel lang="de">Akan</prefLabel>
<prefLabel lang="es">akano </prefLabel>
<notation scheme="iso6392">aka</notation>
</concept>
<concept about="am">
<prefLabel lang="fr">Amharique</prefLabel>
<prefLabel lang="en">Amharic</prefLabel>
<prefLabel lang="nl">Amhaars, Amharisch</prefLabel>
<prefLabel lang="de">Amharisch</prefLabel>
<prefLabel lang="es">amárico </prefLabel>
<notation scheme="iso6392">amh</notation>
</concept>
<concept about="an">
<prefLabel lang="fr">Aragonais</prefLabel>
<prefLabel lang="en">Aragonese</prefLabel>
<prefLabel lang="nl">Aragonees</prefLabel>
<prefLabel lang="de">Aragonesisch</prefLabel>
<prefLabel lang="es">aragonés </prefLabel>
<notation scheme="iso6392">arg</notation>
</concept>
<concept about="ar">
<prefLabel lang="fr">Arabe</prefLabel>
<prefLabel lang="en">Arabic</prefLabel>
<prefLabel lang="nl">Arabisch</prefLabel>
<prefLabel lang="de">Arabisch</prefLabel>
<prefLabel lang="es">árabe </prefLabel>
<notation scheme="iso6392">ara</notation>
</concept>
<concept about="as">
<prefLabel lang="fr">Assamais</prefLabel>
<prefLabel lang="en">Assamese</prefLabel>
<prefLabel lang="nl">Assamees, Assami</prefLabel>
<prefLabel lang="de">Assamesisch/Assami</prefLabel>
<prefLabel lang="es">asamés </prefLabel>
<notation scheme="iso6392">asm</notation>
</concept>
<concept about="av">
<prefLabel lang="fr">Avar</prefLabel>
<prefLabel lang="en">Avaric</prefLabel>
<prefLabel lang="nl">Avaars</prefLabel>
<prefLabel lang="de">Awarisch</prefLabel>
<prefLabel lang="es">avar </prefLabel>
<notation scheme="iso6392">ava</notation>
</concept>
<concept about="ay">
<prefLabel lang="fr">Aymara</prefLabel>
<prefLabel lang="en">Aymara</prefLabel>
<prefLabel lang="nl">Aymara, Aymará</prefLabel>
<prefLabel lang="de">Aymara</prefLabel>
<prefLabel lang="es">aimara </prefLabel>
<notation scheme="iso6392">aym</notation>
</concept>
<concept about="az">
<prefLabel lang="fr">Azéri</prefLabel>
<prefLabel lang="en">Azerbaijani</prefLabel>
<prefLabel lang="nl">Azeri, Azerbeidzjaans</prefLabel>
<prefLabel lang="de">Aserbaidschanisch</prefLabel>
<prefLabel lang="es">azerí </prefLabel>
<notation scheme="iso6392">aze</notation>
</concept>
<concept about="ba">
<prefLabel lang="fr">Bachkir</prefLabel>
<prefLabel lang="en">Bashkir</prefLabel>
<prefLabel lang="nl">Basjkiers, Basjkirisch</prefLabel>
<prefLabel lang="de">Baschkirisch</prefLabel>
<prefLabel lang="es">baskir </prefLabel>
<notation scheme="iso6392">bak</notation>
</concept>
<concept about="be">
<prefLabel lang="fr">Biélorusse</prefLabel>
<prefLabel lang="en">Belarusian</prefLabel>
<prefLabel lang="nl">Wit-Russisch, Belarussisch</prefLabel>
<prefLabel lang="de">Weißrussisch</prefLabel>
<prefLabel lang="es">bielorruso </prefLabel>
<notation scheme="iso6392">bel</notation>
</concept>
<concept about="bg">
<prefLabel lang="fr">Bulgare</prefLabel>
<prefLabel lang="en">Bulgarian</prefLabel>
<prefLabel lang="nl">Bulgaars</prefLabel>
<prefLabel lang="de">Bulgarisch</prefLabel>
<prefLabel lang="es">búlgaro </prefLabel>
<notation scheme="iso6392">bul</notation>
</concept>
<concept about="bh">
<prefLabel lang="fr">Bihari</prefLabel>
<prefLabel lang="en">Bihari</prefLabel>
<prefLabel lang="nl">Bihari</prefLabel>
<prefLabel lang="de">Bihari</prefLabel>
<prefLabel lang="es">bhojpurí </prefLabel>
<notation scheme="iso6392">bih</notation>
</concept>
<concept about="bi">
<prefLabel lang="fr">Bichelamar</prefLabel>
<prefLabel lang="en">Bislama</prefLabel>
<prefLabel lang="nl">Bislama</prefLabel>
<prefLabel lang="de">Bislama</prefLabel>
<prefLabel lang="es">bislama </prefLabel>
<notation scheme="iso6392">bis</notation>
</concept>
<concept about="bm">
<prefLabel lang="fr">Bambara</prefLabel>
<prefLabel lang="en">Bambara</prefLabel>
<prefLabel lang="nl">Bambara</prefLabel>
<prefLabel lang="de">Bambara</prefLabel>
<prefLabel lang="es">bambara </prefLabel>
<notation scheme="iso6392">bam</notation>
</concept>
<concept about="bn">
<prefLabel lang="fr">Bengalî</prefLabel>
<prefLabel lang="en">Bengali</prefLabel>
<prefLabel lang="nl">Bengaals</prefLabel>
<prefLabel lang="de">Bengali</prefLabel>
<prefLabel lang="es">bengalí </prefLabel>
<notation scheme="iso6392">ben</notation>
</concept>
<concept about="bo">
<prefLabel lang="fr">Tibétain</prefLabel>
<prefLabel lang="en">Tibetan</prefLabel>
<prefLabel lang="nl">Tibetaans</prefLabel>
<prefLabel lang="de">Tibetisch</prefLabel>
<prefLabel lang="es">tibetano </prefLabel>
<notation scheme="iso6392">tib</notation>
<notation scheme="iso6392">bod</notation>
</concept>
<concept about="br">
<prefLabel lang="fr">Breton</prefLabel>
<prefLabel lang="en">Breton</prefLabel>
<prefLabel lang="nl">Bretons</prefLabel>
<prefLabel lang="de">Bretonisch</prefLabel>
<prefLabel lang="es">bretón </prefLabel>
<notation scheme="iso6392">bre</notation>
</concept>
<concept about="bs">
<prefLabel lang="fr">Bosnien</prefLabel>
<prefLabel lang="en">Bosnian</prefLabel>
<prefLabel lang="nl">Bosnisch</prefLabel>
<prefLabel lang="de">Bosnisch</prefLabel>
<prefLabel lang="es">bosnio </prefLabel>
<notation scheme="iso6392">bos</notation>
</concept>
<concept about="ca">
<prefLabel lang="fr">Catalan</prefLabel>
<prefLabel lang="en">Catalan</prefLabel>
<prefLabel lang="nl">Catalaans</prefLabel>
<prefLabel lang="de">Banyumasan</prefLabel>
<prefLabel lang="es">catalán </prefLabel>
<notation scheme="iso6392">cat</notation>
</concept>
<concept about="ce">
<prefLabel lang="fr">Tchétchène</prefLabel>
<prefLabel lang="en">Chechen</prefLabel>
<prefLabel lang="nl">Tsjetsjeens</prefLabel>
<prefLabel lang="de">Tschetschenisch</prefLabel>
<prefLabel lang="es">checheno </prefLabel>
<notation scheme="iso6392">che</notation>
</concept>
<concept about="ch">
<prefLabel lang="fr">Chamorro</prefLabel>
<prefLabel lang="en">Chamorro</prefLabel>
<prefLabel lang="nl">Chamorro</prefLabel>
<prefLabel lang="de">Chamorro</prefLabel>
<prefLabel lang="es">chamorro </prefLabel>
<notation scheme="iso6392">cha</notation>
</concept>
<concept about="co">
<prefLabel lang="fr">Corse</prefLabel>
<prefLabel lang="en">Corsian</prefLabel>
<prefLabel lang="nl">Corsicaans</prefLabel>
<prefLabel lang="de">Korsisch</prefLabel>
<prefLabel lang="es">corso </prefLabel>
<notation scheme="iso6392">cos</notation>
</concept>
<concept about="cr">
<prefLabel lang="fr">Cri</prefLabel>
<prefLabel lang="en">Cree</prefLabel>
<prefLabel lang="nl">Cree</prefLabel>
<prefLabel lang="de">Cree</prefLabel>
<prefLabel lang="es">cree </prefLabel>
<notation scheme="iso6392">cre</notation>
</concept>
<concept about="cs">
<prefLabel lang="fr">Tchèque</prefLabel>
<prefLabel lang="en">Czech</prefLabel>
<prefLabel lang="nl">Tsjechisch</prefLabel>
<prefLabel lang="de">Tschechisch</prefLabel>
<prefLabel lang="es">checo </prefLabel>
<notation scheme="iso6392">cze</notation>
<notation scheme="iso6392">ces</notation>
</concept>
<concept about="cu">
<prefLabel lang="fr">Vieux slave</prefLabel>
<prefLabel lang="en">Church Slavic</prefLabel>
<prefLabel lang="nl">Kerkslavisch</prefLabel>
<prefLabel lang="de">Altkirchenslawisch</prefLabel>
<prefLabel lang="es">eslavo eclesiástico antiguo </prefLabel>
<notation scheme="iso6392">chu</notation>
</concept>
<concept about="cv">
<prefLabel lang="fr">Tchouvache</prefLabel>
<prefLabel lang="en">Chuvash</prefLabel>
<prefLabel lang="nl">Tsjoevasjisch</prefLabel>
<prefLabel lang="de">Tschuwaschisch</prefLabel>
<prefLabel lang="es">chuvasio </prefLabel>
<notation scheme="iso6392">chv</notation>
</concept>
<concept about="cy">
<prefLabel lang="fr">Gallois</prefLabel>
<prefLabel lang="en">Welsh</prefLabel>
<prefLabel lang="nl">Welsh</prefLabel>
<prefLabel lang="de">Walisisch</prefLabel>
<prefLabel lang="es">galés </prefLabel>
<notation scheme="iso6392">wel</notation>
<notation scheme="iso6392">cym</notation>
</concept>
<concept about="da">
<prefLabel lang="fr">Danois</prefLabel>
<prefLabel lang="en">Danish</prefLabel>
<prefLabel lang="nl">Deens</prefLabel>
<prefLabel lang="de">Dänisch</prefLabel>
<prefLabel lang="es">danés </prefLabel>
<notation scheme="iso6392">dan</notation>
</concept>
<concept about="de">
<prefLabel lang="fr">Allemand</prefLabel>
<prefLabel lang="en">German</prefLabel>
<prefLabel lang="nl">Duits</prefLabel>
<prefLabel lang="de">Deutsch</prefLabel>
<prefLabel lang="es">alemán </prefLabel>
<notation scheme="iso6392">ger</notation>
<notation scheme="iso6392">deu</notation>
</concept>
<concept about="dv">
<prefLabel lang="fr">Divehi</prefLabel>
<prefLabel lang="en">Divehi</prefLabel>
<prefLabel lang="nl">Divehi</prefLabel>
<prefLabel lang="de">Dhivehi</prefLabel>
<prefLabel lang="es">maldivo </prefLabel>
<notation scheme="iso6392">div</notation>
</concept>
<concept about="dz">
<prefLabel lang="fr">Dzongkha</prefLabel>
<prefLabel lang="en">Dzongkha</prefLabel>
<prefLabel lang="nl">Dzongkha</prefLabel>
<prefLabel lang="de">Dzongkha</prefLabel>
<prefLabel lang="es">dzongkha </prefLabel>
<notation scheme="iso6392">dzo</notation>
</concept>
<concept about="ee">
<prefLabel lang="fr">Ewe</prefLabel>
<prefLabel lang="en">Ewe</prefLabel>
<prefLabel lang="nl">Ewe</prefLabel>
<prefLabel lang="de">Ewe</prefLabel>
<prefLabel lang="es">ewe </prefLabel>
<notation scheme="iso6392">ewe</notation>
</concept>
<concept about="el">
<prefLabel lang="fr">Grec moderne</prefLabel>
<prefLabel lang="en">Greek</prefLabel>
<prefLabel lang="nl">Grieks</prefLabel>
<prefLabel lang="de">Griechisch</prefLabel>
<prefLabel lang="es">griego (moderno) </prefLabel>
<notation scheme="iso6392">gre</notation>
<notation scheme="iso6392">ell</notation>
</concept>
<concept about="en">
<prefLabel lang="fr">Anglais</prefLabel>
<prefLabel lang="en">English</prefLabel>
<prefLabel lang="nl">Engels</prefLabel>
<prefLabel lang="de">Englisch</prefLabel>
<prefLabel lang="es">inglés </prefLabel>
<notation scheme="iso6392">eng</notation>
</concept>
<concept about="eo">
<prefLabel lang="fr">Espéranto</prefLabel>
<prefLabel lang="en">Esperanto</prefLabel>
<prefLabel lang="nl">Esperanto</prefLabel>
<prefLabel lang="de">Esperanto</prefLabel>
<prefLabel lang="es">esperanto </prefLabel>
<notation scheme="iso6392">epo</notation>
</concept>
<concept about="es">
<prefLabel lang="fr">Espagnol</prefLabel>
<prefLabel lang="en">Spanish</prefLabel>
<prefLabel lang="nl">Spaans</prefLabel>
<prefLabel lang="de">Spanisch</prefLabel>
<prefLabel lang="es">español (o castellano) </prefLabel>
<notation scheme="iso6392">spa</notation>
</concept>
<concept about="et">
<prefLabel lang="fr">Estonien</prefLabel>
<prefLabel lang="en">Estonian</prefLabel>
<prefLabel lang="nl">Estisch, Ests</prefLabel>
<prefLabel lang="de">Estnisch</prefLabel>
<prefLabel lang="es">estonio </prefLabel>
<notation scheme="iso6392">est</notation>
</concept>
<concept about="eu">
<prefLabel lang="fr">Basque</prefLabel>
<prefLabel lang="en">Basque</prefLabel>
<prefLabel lang="nl">Baskisch</prefLabel>
<prefLabel lang="de">Baskisch</prefLabel>
<prefLabel lang="es">vascuence (o euskera) </prefLabel>
<notation scheme="iso6392">baq</notation>
<notation scheme="iso6392">eus</notation>
</concept>
<concept about="fa">
<prefLabel lang="fr">Perse</prefLabel>
<prefLabel lang="en">Persian</prefLabel>
<prefLabel lang="nl">Perzisch, Farsi</prefLabel>
<prefLabel lang="de">Persisch</prefLabel>
<prefLabel lang="es">persa </prefLabel>
<notation scheme="iso6392">per</notation>
<notation scheme="iso6392">fas</notation>
</concept>
<concept about="ff">
<prefLabel lang="fr">Peul</prefLabel>
<prefLabel lang="en">Fulah</prefLabel>
<prefLabel lang="nl">Fula</prefLabel>
<prefLabel lang="de">Fula</prefLabel>
<prefLabel lang="es">fula </prefLabel>
<notation scheme="iso6392">ful</notation>
</concept>
<concept about="fi">
<prefLabel lang="fr">Finnois</prefLabel>
<prefLabel lang="en">Finnish</prefLabel>
<prefLabel lang="nl">Fins</prefLabel>
<prefLabel lang="de">Finnisch</prefLabel>
<prefLabel lang="es">finés (o finlandés) </prefLabel>
<notation scheme="iso6392">fin</notation>
</concept>
<concept about="fj">
<prefLabel lang="fr">Fidjien</prefLabel>
<prefLabel lang="en">Fijian</prefLabel>
<prefLabel lang="nl">Fijisch</prefLabel>
<prefLabel lang="de">Fidschi</prefLabel>
<prefLabel lang="es">fijiano (o fidji) </prefLabel>
<notation scheme="iso6392">fij</notation>
</concept>
<concept about="fo">
<prefLabel lang="fr">Féringien</prefLabel>
<prefLabel lang="en">Faroese</prefLabel>
<prefLabel lang="nl">Faeröers</prefLabel>
<prefLabel lang="de">Färöisch</prefLabel>
<prefLabel lang="es">feroés </prefLabel>
<notation scheme="iso6392">fao</notation>
</concept>
<concept about="fr">
<prefLabel lang="fr">Français</prefLabel>
<prefLabel lang="en">French</prefLabel>
<prefLabel lang="nl">Frans</prefLabel>
<prefLabel lang="de">Französisch</prefLabel>
<prefLabel lang="es">francés </prefLabel>
<notation scheme="iso6392">fre</notation>
<notation scheme="iso6392">fra</notation>
</concept>
<concept about="fy">
<prefLabel lang="fr">Frison</prefLabel>
<prefLabel lang="en">Western Frisian</prefLabel>
<prefLabel lang="nl">Fries</prefLabel>
<prefLabel lang="de">Friesisch</prefLabel>
<prefLabel lang="es">frisón (o frisio) </prefLabel>
<notation scheme="iso6392">fry</notation>
</concept>
<concept about="ga">
<prefLabel lang="fr">Irlandais</prefLabel>
<prefLabel lang="en">Irish</prefLabel>
<prefLabel lang="nl">Iers-Gaelisch</prefLabel>
<prefLabel lang="de">Irisch</prefLabel>
<prefLabel lang="es">irlandés (o gaélico) </prefLabel>
<notation scheme="iso6392">gle</notation>
</concept>
<concept about="gd">
<prefLabel lang="fr">Écossais</prefLabel>
<prefLabel lang="en">Scottish Gaelic</prefLabel>
<prefLabel lang="nl">Schots-Gaelisch</prefLabel>
<prefLabel lang="de">Gälisch</prefLabel>
<prefLabel lang="es">gaélico escocés </prefLabel>
<notation scheme="iso6392">gla</notation>
</concept>
<concept about="gl">
<prefLabel lang="fr">Galicien</prefLabel>
<prefLabel lang="en">Galician</prefLabel>
<prefLabel lang="nl">Galicisch</prefLabel>
<prefLabel lang="de">Galicisch</prefLabel>
<prefLabel lang="es">gallego </prefLabel>
<notation scheme="iso6392">glg</notation>
</concept>
<concept about="gn">
<prefLabel lang="fr">Guarani</prefLabel>
<prefLabel lang="en">Guarani</prefLabel>
<prefLabel lang="nl">Guaraní</prefLabel>
<prefLabel lang="de">Guaraní</prefLabel>
<prefLabel lang="es">guaraní </prefLabel>
<notation scheme="iso6392">grn</notation>
</concept>
<concept about="gu">
<prefLabel lang="fr">Gujarâtî</prefLabel>
<prefLabel lang="en">Gujarati</prefLabel>
<prefLabel lang="nl">Gujarati</prefLabel>
<prefLabel lang="de">Gujarati</prefLabel>
<prefLabel lang="es">guyaratí (o guyaratí) </prefLabel>
<notation scheme="iso6392">guj</notation>
</concept>
<concept about="gv">
<prefLabel lang="fr">Mannois</prefLabel>
<prefLabel lang="en">Manx</prefLabel>
<prefLabel lang="nl">Manx-Gaelisch</prefLabel>
<prefLabel lang="de">Manx</prefLabel>
<prefLabel lang="es">manés (gaélico manés o de Isla de Man) </prefLabel>
<notation scheme="iso6392">glv</notation>
</concept>
<concept about="ha">
<prefLabel lang="fr">Haoussa</prefLabel>
<prefLabel lang="en">Hausa</prefLabel>
<prefLabel lang="nl">Hausa</prefLabel>
<prefLabel lang="de">Hausa</prefLabel>
<prefLabel lang="es">hausa </prefLabel>
<notation scheme="iso6392">hau</notation>
</concept>
<concept about="he">
<prefLabel lang="fr">Hébreu</prefLabel>
<prefLabel lang="en">Hebrew</prefLabel>
<prefLabel lang="nl">Hebreeuws</prefLabel>
<prefLabel lang="de">Hebräisch</prefLabel>
<prefLabel lang="es">hebreo </prefLabel>
<notation scheme="iso6392">heb</notation>
</concept>
<concept about="hi">
<prefLabel lang="fr">Hindî</prefLabel>
<prefLabel lang="en">Hindi</prefLabel>
<prefLabel lang="nl">Hindi</prefLabel>
<prefLabel lang="de">Hindi</prefLabel>
<prefLabel lang="es">hindi (o hindú) </prefLabel>
<notation scheme="iso6392">hin</notation>
</concept>
<concept about="ho">
<prefLabel lang="fr">Hiri motu</prefLabel>
<prefLabel lang="en">Hiri Motu</prefLabel>
<prefLabel lang="nl">Hiri Motu</prefLabel>
<prefLabel lang="de">
</prefLabel>
<prefLabel lang="es">hiri motu </prefLabel>
<notation scheme="iso6392">hmo</notation>
</concept>
<concept about="hr">
<prefLabel lang="fr">Croate</prefLabel>
<prefLabel lang="en">Croatian</prefLabel>
<prefLabel lang="nl">Kroatisch</prefLabel>
<prefLabel lang="de">Kroatisch</prefLabel>
<prefLabel lang="es">croata </prefLabel>
<notation scheme="iso6392">scr</notation>
<notation scheme="iso6392">hrv</notation>
</concept>
<concept about="ht">
<prefLabel lang="fr">Créole haïtien</prefLabel>
<prefLabel lang="en">Haitian</prefLabel>
<prefLabel lang="nl">Kreyòl</prefLabel>
<prefLabel lang="de">Haitianisch</prefLabel>
<prefLabel lang="es">haitiano </prefLabel>
<notation scheme="iso6392">hat</notation>
</concept>
<concept about="hu">
<prefLabel lang="fr">Hongrois</prefLabel>
<prefLabel lang="en">Hungarian</prefLabel>
<prefLabel lang="nl">Hongaars</prefLabel>
<prefLabel lang="de">Ungarisch</prefLabel>
<prefLabel lang="es">húngaro </prefLabel>
<notation scheme="iso6392">hun</notation>
</concept>
<concept about="hy">
<prefLabel lang="fr">Arménien</prefLabel>
<prefLabel lang="en">Armenian</prefLabel>
<prefLabel lang="nl">Armeens</prefLabel>
<prefLabel lang="de">Armenisch</prefLabel>
<prefLabel lang="es">armenio </prefLabel>
<notation scheme="iso6392">arm</notation>
<notation scheme="iso6392">hye</notation>
</concept>
<concept about="hz">
<prefLabel lang="fr">Herero</prefLabel>
<prefLabel lang="en">Herero</prefLabel>
<prefLabel lang="nl">Herero</prefLabel>
<prefLabel lang="de">Herero</prefLabel>
<prefLabel lang="es">herero </prefLabel>
<notation scheme="iso6392">her</notation>
</concept>
<concept about="ia">
<prefLabel lang="fr">Interlingua</prefLabel>
<prefLabel lang="en">Interlingua</prefLabel>
<prefLabel lang="nl">Interlingua</prefLabel>
<prefLabel lang="de">Interlingua</prefLabel>
<prefLabel lang="es">interlingua </prefLabel>
<notation scheme="iso6392">ina</notation>
</concept>
<concept about="id">
<prefLabel lang="fr">Indonésien</prefLabel>
<prefLabel lang="en">Indonesian</prefLabel>
<prefLabel lang="nl">Indonesisch</prefLabel>
<prefLabel lang="de">Indonesisch</prefLabel>
<prefLabel lang="es">indonesio </prefLabel>
<notation scheme="iso6392">ind</notation>
</concept>
<concept about="ie">
<prefLabel lang="fr">Occidental</prefLabel>
<prefLabel lang="en">Interlingue</prefLabel>
<prefLabel lang="nl">Interlingue</prefLabel>
<prefLabel lang="de">Interlingue</prefLabel>
<prefLabel lang="es">occidental </prefLabel>
<notation scheme="iso6392">ile</notation>
</concept>
<concept about="ig">
<prefLabel lang="fr">Igbo</prefLabel>
<prefLabel lang="en">Igbo</prefLabel>
<prefLabel lang="nl">Igbo</prefLabel>
<prefLabel lang="de">
</prefLabel>
<prefLabel lang="es">igbo </prefLabel>
<notation scheme="iso6392">ibo</notation>
</concept>
<concept about="ii">
<prefLabel lang="fr">Yi</prefLabel>
<prefLabel lang="en">Sichuan Yi</prefLabel>
<prefLabel lang="nl">Yi</prefLabel>
<prefLabel lang="de">Sichuanhua</prefLabel>
<prefLabel lang="es">yi de Sichuán </prefLabel>
<notation scheme="iso6392">iii</notation>
</concept>
<concept about="ik">
<prefLabel lang="fr">Inupiaq</prefLabel>
<prefLabel lang="en">Inupiaq</prefLabel>
<prefLabel lang="nl">Inupiak</prefLabel>
<prefLabel lang="de">Inupiaq</prefLabel>
<prefLabel lang="es">inupiaq </prefLabel>
<notation scheme="iso6392">ipk</notation>
</concept>
<concept about="io">
<prefLabel lang="fr">Ido</prefLabel>
<prefLabel lang="en">Ido</prefLabel>
<prefLabel lang="nl">Ido</prefLabel>
<prefLabel lang="de">
</prefLabel>
<prefLabel lang="es">ido </prefLabel>
<notation scheme="iso6392">ido</notation>
</concept>
<concept about="is">
<prefLabel lang="fr">Islandais</prefLabel>
<prefLabel lang="en">Icelandic</prefLabel>
<prefLabel lang="nl">IJslands</prefLabel>
<prefLabel lang="de">Isländisch</prefLabel>
<prefLabel lang="es">islandés </prefLabel>
<notation scheme="iso6392">ice</notation>
<notation scheme="iso6392">isl</notation>
</concept>
<concept about="it">
<prefLabel lang="fr">Italien</prefLabel>
<prefLabel lang="en">Italian</prefLabel>
<prefLabel lang="nl">Italiaans</prefLabel>
<prefLabel lang="de">Italienisch</prefLabel>
<prefLabel lang="es">italiano </prefLabel>
<notation scheme="iso6392">ita</notation>
</concept>
<concept about="iu">
<prefLabel lang="fr">Inuktitut</prefLabel>
<prefLabel lang="en">Inuktitut</prefLabel>
<prefLabel lang="nl">Inuktitut</prefLabel>
<prefLabel lang="de">Inuktitut</prefLabel>
<prefLabel lang="es">inuktitut </prefLabel>
<notation scheme="iso6392">iku</notation>
</concept>
<concept about="ja">
<prefLabel lang="fr">Japonais</prefLabel>
<prefLabel lang="en">Japanese</prefLabel>
<prefLabel lang="nl">Japans</prefLabel>
<prefLabel lang="de">Japanisch</prefLabel>
<prefLabel lang="es">japonés </prefLabel>
<notation scheme="iso6392">jpn</notation>
</concept>
<concept about="jv">
<prefLabel lang="fr">Javanais</prefLabel>
<prefLabel lang="en">Javanese</prefLabel>
<prefLabel lang="nl">Javaans</prefLabel>
<prefLabel lang="de">Javanisch</prefLabel>
<prefLabel lang="es">javanés </prefLabel>
<notation scheme="iso6392">jav</notation>
</concept>
<concept about="ka">
<prefLabel lang="fr">Géorgien</prefLabel>
<prefLabel lang="en">Georgian</prefLabel>
<prefLabel lang="nl">Georgisch</prefLabel>
<prefLabel lang="de">Georgisch</prefLabel>
<prefLabel lang="es">georgiano </prefLabel>
<notation scheme="iso6392">geo</notation>
<notation scheme="iso6392">kat</notation>
</concept>
<concept about="kg">
<prefLabel lang="fr">Kikongo</prefLabel>
<prefLabel lang="en">Kongo</prefLabel>
<prefLabel lang="nl">Kikongo</prefLabel>
<prefLabel lang="de">Kongo,Kikongo</prefLabel>
<prefLabel lang="es">kongo </prefLabel>
<notation scheme="iso6392">kon</notation>
</concept>
<concept about="ki">
<prefLabel lang="fr">Kikuyu</prefLabel>
<prefLabel lang="en">Kikuyu</prefLabel>
<prefLabel lang="nl">Gikuyu</prefLabel>
<prefLabel lang="de">Kikuyu</prefLabel>
<prefLabel lang="es">kikuyu </prefLabel>
<notation scheme="iso6392">kik</notation>
</concept>
<concept about="kj">
<prefLabel lang="fr">Kuanyama</prefLabel>
<prefLabel lang="en">Kwanyama</prefLabel>
<prefLabel lang="nl">Kwanyama</prefLabel>
<prefLabel lang="de">Kuanyama</prefLabel>
<prefLabel lang="es">kuanyama </prefLabel>
<notation scheme="iso6392">kua</notation>
</concept>
<concept about="kk">
<prefLabel lang="fr">Kazakh</prefLabel>
<prefLabel lang="en">Kazakh</prefLabel>
<prefLabel lang="nl">Kazachs</prefLabel>
<prefLabel lang="de">Kasachisch</prefLabel>
<prefLabel lang="es">kazajo (o kazajio) </prefLabel>
<notation scheme="iso6392">kaz</notation>
</concept>
<concept about="kl">
<prefLabel lang="fr">Kalaallisut</prefLabel>
<prefLabel lang="en">Kalaallisut</prefLabel>
<prefLabel lang="nl">Groenlands</prefLabel>
<prefLabel lang="de">
</prefLabel>
<prefLabel lang="es">groenlandés (o kalaallisut) </prefLabel>
<notation scheme="iso6392">kal</notation>
</concept>
<concept about="km">
<prefLabel lang="fr">Khmer</prefLabel>
<prefLabel lang="en">Khmer</prefLabel>
<prefLabel lang="nl">Khmer, Cambodjaans</prefLabel>
<prefLabel lang="de">Khmer</prefLabel>
<prefLabel lang="es">camboyano (o jemer) </prefLabel>
<notation scheme="iso6392">khm</notation>
</concept>
<concept about="kn">
<prefLabel lang="fr">Kannara</prefLabel>
<prefLabel lang="en">Kannada</prefLabel>
<prefLabel lang="nl">Kannada, Kanarees, Kanara</prefLabel>
<prefLabel lang="de">Kannada</prefLabel>
<prefLabel lang="es">canarés </prefLabel>
<notation scheme="iso6392">kan</notation>
</concept>
<concept about="ko">
<prefLabel lang="fr">Coréen</prefLabel>
<prefLabel lang="en">Korean</prefLabel>
<prefLabel lang="nl">Koreaans</prefLabel>
<prefLabel lang="de">Koreanisch</prefLabel>
<prefLabel lang="es">coreano </prefLabel>
<notation scheme="iso6392">kor</notation>
</concept>
<concept about="kr">
<prefLabel lang="fr">Kanouri</prefLabel>
<prefLabel lang="en">Kanuri</prefLabel>
<prefLabel lang="nl">Kanuri</prefLabel>
<prefLabel lang="de">Kanuri</prefLabel>
<prefLabel lang="es">kanuri </prefLabel>
<notation scheme="iso6392">kau</notation>
</concept>
<concept about="ks">
<prefLabel lang="fr">Kashmiri</prefLabel>
<prefLabel lang="en">Kashmiri</prefLabel>
<prefLabel lang="nl">Kasjmiri, Kasjmiers, Kasjmirs</prefLabel>
<prefLabel lang="de">Kaschmiri</prefLabel>
<prefLabel lang="es">cachemiro </prefLabel>
<notation scheme="iso6392">kas</notation>
</concept>
<concept about="ku">
<prefLabel lang="fr">Kurde</prefLabel>
<prefLabel lang="en">Kurdish</prefLabel>
<prefLabel lang="nl">Koerdisch</prefLabel>
<prefLabel lang="de">Kurdisch</prefLabel>
<prefLabel lang="es">kurdo </prefLabel>
<notation scheme="iso6392">kur</notation>
</concept>
<concept about="kv">
<prefLabel lang="fr">Komi</prefLabel>
<prefLabel lang="en">Komi</prefLabel>
<prefLabel lang="nl">Zurjeens</prefLabel>
<prefLabel lang="de">Komi</prefLabel>
<prefLabel lang="es">komi </prefLabel>
<notation scheme="iso6392">kom</notation>
</concept>
<concept about="kw">
<prefLabel lang="fr">Cornique</prefLabel>
<prefLabel lang="en">Cornish</prefLabel>
<prefLabel lang="nl">Cornisch</prefLabel>
<prefLabel lang="de">Kornisch</prefLabel>
<prefLabel lang="es">córnico </prefLabel>
<notation scheme="iso6392">cor</notation>
</concept>
<concept about="ky">
<prefLabel lang="fr">Kirghiz</prefLabel>
<prefLabel lang="en">Kirghiz</prefLabel>
<prefLabel lang="nl">Kirgizisch</prefLabel>
<prefLabel lang="de">Kirgisisch</prefLabel>
<prefLabel lang="es">kirguís </prefLabel>
<notation scheme="iso6392">kir</notation>
</concept>
<concept about="la">
<prefLabel lang="fr">Latin</prefLabel>
<prefLabel lang="en">Latin</prefLabel>
<prefLabel lang="nl">Latijn</prefLabel>
<prefLabel lang="de">Lateinisch</prefLabel>
<prefLabel lang="es">latín </prefLabel>
<notation scheme="iso6392">lat</notation>
</concept>
<concept about="lb">
<prefLabel lang="fr">Luxembourgeois</prefLabel>
<prefLabel lang="en">Luxembourgish</prefLabel>
<prefLabel lang="nl">Luxemburgs</prefLabel>
<prefLabel lang="de">Luxemburgisch</prefLabel>
<prefLabel lang="es">luxemburgués </prefLabel>
<notation scheme="iso6392">ltz</notation>
</concept>
<concept about="lg">
<prefLabel lang="fr">Ganda</prefLabel>
<prefLabel lang="en">Ganda</prefLabel>
<prefLabel lang="nl">Luganda</prefLabel>
<prefLabel lang="de">Ganda</prefLabel>
<prefLabel lang="es">luganda </prefLabel>
<notation scheme="iso6392">lug</notation>
</concept>
<concept about="li">
<prefLabel lang="fr">Limbourgeois</prefLabel>
<prefLabel lang="en">Limburgish</prefLabel>
<prefLabel lang="nl">Limburgs</prefLabel>
<prefLabel lang="de">Limburgisch</prefLabel>
<prefLabel lang="es">limburgués </prefLabel>
<notation scheme="iso6392">lim</notation>
</concept>
<concept about="ln">
<prefLabel lang="fr">Lingala</prefLabel>
<prefLabel lang="en">Lingala</prefLabel>
<prefLabel lang="nl">Lingala</prefLabel>
<prefLabel lang="de">Lingala</prefLabel>
<prefLabel lang="es">lingala </prefLabel>
<notation scheme="iso6392">lin</notation>
</concept>
<concept about="lo">
<prefLabel lang="fr">Lao</prefLabel>
<prefLabel lang="en">Lao</prefLabel>
<prefLabel lang="nl">Laotiaans</prefLabel>
<prefLabel lang="de">Lao</prefLabel>
<prefLabel lang="es">lao </prefLabel>
<notation scheme="iso6392">lao</notation>
</concept>
<concept about="lt">
<prefLabel lang="fr">Lituanien</prefLabel>
<prefLabel lang="en">Lithuanian</prefLabel>
<prefLabel lang="nl">Litouws</prefLabel>
<prefLabel lang="de">Litauisch</prefLabel>
<prefLabel lang="es">lituano </prefLabel>
<notation scheme="iso6392">lit</notation>
</concept>
<concept about="lu">
<prefLabel lang="fr">Tchiluba</prefLabel>
<prefLabel lang="en">Luba-Katanga</prefLabel>
<prefLabel lang="nl">Luba-Katanga</prefLabel>
<prefLabel lang="de">Luba-Katanga</prefLabel>
<prefLabel lang="es">luba-katanga </prefLabel>
<notation scheme="iso6392">lub</notation>
</concept>
<concept about="lv">
<prefLabel lang="fr">Letton</prefLabel>
<prefLabel lang="en">Latvian</prefLabel>
<prefLabel lang="nl">Lets</prefLabel>
<prefLabel lang="de">Lettisch</prefLabel>
<prefLabel lang="es">letón </prefLabel>
<notation scheme="iso6392">lav</notation>
</concept>
<concept about="mg">
<prefLabel lang="fr">Malgache</prefLabel>
<prefLabel lang="en">Malagasy</prefLabel>
<prefLabel lang="nl">Plateaumalagasi</prefLabel>
<prefLabel lang="de">Madagassisch</prefLabel>
<prefLabel lang="es">malgache (o malagasy) </prefLabel>
<notation scheme="iso6392">mlg</notation>
</concept>
<concept about="mh">
<prefLabel lang="fr">Marshallais</prefLabel>
<prefLabel lang="en">Marshallese</prefLabel>
<prefLabel lang="nl">Marshallees</prefLabel>
<prefLabel lang="de">Marshallisch</prefLabel>
<prefLabel lang="es">marshalés </prefLabel>
<notation scheme="iso6392">mah</notation>
</concept>
<concept about="mi">
<prefLabel lang="fr">Maori de Nouvelle-Zélande</prefLabel>
<prefLabel lang="en">Maori</prefLabel>
<prefLabel lang="nl">Maori</prefLabel>
<prefLabel lang="de">Maori</prefLabel>
<prefLabel lang="es">maorí </prefLabel>
<notation scheme="iso6392">mao</notation>
<notation scheme="iso6392">mri</notation>
</concept>
<concept about="mk">
<prefLabel lang="fr">Macédonien</prefLabel>
<prefLabel lang="en">Macedonian</prefLabel>
<prefLabel lang="nl">Macedonisch</prefLabel>
<prefLabel lang="de">Mazedonisch</prefLabel>
<prefLabel lang="es">macedonio </prefLabel>
<notation scheme="iso6392">mac</notation>
<notation scheme="iso6392">mkd</notation>
</concept>
<concept about="ml">
<prefLabel lang="fr">Malayalam</prefLabel>
<prefLabel lang="en">Malayalam</prefLabel>
<prefLabel lang="nl">Malayalam</prefLabel>
<prefLabel lang="de">Malayalam</prefLabel>
<prefLabel lang="es">malayalam </prefLabel>
<notation scheme="iso6392">mal</notation>
</concept>
<concept about="mn">
<prefLabel lang="fr">Mongol</prefLabel>
<prefLabel lang="en">Mongolian</prefLabel>
<prefLabel lang="nl">Mongools</prefLabel>
<prefLabel lang="de">Mongolisch</prefLabel>
<prefLabel lang="es">mongol </prefLabel>
<notation scheme="iso6392">mon</notation>
</concept>
<concept about="mo">
<prefLabel lang="fr">Moldave</prefLabel>
<prefLabel lang="en">Moldavian</prefLabel>
<prefLabel lang="nl">Moldavisch</prefLabel>
<prefLabel lang="de">Moldawisch</prefLabel>
<prefLabel lang="es">moldavo </prefLabel>
<notation scheme="iso6392">mol</notation>
</concept>
<concept about="mr">
<prefLabel lang="fr">Marâthî</prefLabel>
<prefLabel lang="en">Marathi</prefLabel>
<prefLabel lang="nl">Marathi</prefLabel>
<prefLabel lang="de">Marathi</prefLabel>
<prefLabel lang="es">maratí </prefLabel>
<notation scheme="iso6392">mar</notation>
</concept>
<concept about="ms">
<prefLabel lang="fr">Malais</prefLabel>
<prefLabel lang="en">Malay</prefLabel>
<prefLabel lang="nl">Maleis</prefLabel>
<prefLabel lang="de">Malaiisch</prefLabel>
<prefLabel lang="es">malayo </prefLabel>
<notation scheme="iso6392">may</notation>
<notation scheme="iso6392">msa</notation>
</concept>
<concept about="mt">
<prefLabel lang="fr">Maltais</prefLabel>
<prefLabel lang="en">Maltese</prefLabel>
<prefLabel lang="nl">Maltees</prefLabel>
<prefLabel lang="de">Maltesisch</prefLabel>
<prefLabel lang="es">maltés </prefLabel>
<notation scheme="iso6392">mlt</notation>
</concept>
<concept about="my">
<prefLabel lang="fr">Birman</prefLabel>
<prefLabel lang="en">Burmese</prefLabel>
<prefLabel lang="nl">Birmaans, Birmees</prefLabel>
<prefLabel lang="de">Birmanisch</prefLabel>
<prefLabel lang="es">birmano </prefLabel>
<notation scheme="iso6392">bur</notation>
<notation scheme="iso6392">mya</notation>
</concept>
<concept about="na">
<prefLabel lang="fr">Nauruan</prefLabel>
<prefLabel lang="en">Nauru</prefLabel>
<prefLabel lang="nl">Nauruaans</prefLabel>
<prefLabel lang="de">Nauruisch</prefLabel>
<prefLabel lang="es">nauruano </prefLabel>
<notation scheme="iso6392">nau</notation>
</concept>
<concept about="nb">
<prefLabel lang="fr">Norvégien Bokmål</prefLabel>
<prefLabel lang="en">Norwegian Bokmål</prefLabel>
<prefLabel lang="nl">Norwegian Bokmål</prefLabel>
<prefLabel lang="de">Bokmål-Norwegisch</prefLabel>
<prefLabel lang="es">noruego bokmål </prefLabel>
<notation scheme="iso6392">nob</notation>
</concept>
<concept about="nd">
<prefLabel lang="fr">Ndébélé du Nord</prefLabel>
<prefLabel lang="en">North Ndebele</prefLabel>
<prefLabel lang="nl">Noord-Ndebele</prefLabel>
<prefLabel lang="de">Nördliches-Ndebele</prefLabel>
<prefLabel lang="es">ndebele del norte </prefLabel>
<notation scheme="iso6392">nde</notation>
</concept>
<concept about="ne">
<prefLabel lang="fr">Népalais</prefLabel>
<prefLabel lang="en">Nepali</prefLabel>
<prefLabel lang="nl">Nepalees, Nepali</prefLabel>
<prefLabel lang="de">Nepalesisch</prefLabel>
<prefLabel lang="es">nepalí </prefLabel>
<notation scheme="iso6392">nep</notation>
</concept>
<concept about="ng">
<prefLabel lang="fr">Ndonga</prefLabel>
<prefLabel lang="en">Ndonga</prefLabel>
<prefLabel lang="nl">Ndonga</prefLabel>
<prefLabel lang="de">Ndonga</prefLabel>
<prefLabel lang="es">ndonga </prefLabel>
<notation scheme="iso6392">ndo</notation>
</concept>
<concept about="nl">
<prefLabel lang="fr">Néerlandais</prefLabel>
<prefLabel lang="en">Dutch</prefLabel>
<prefLabel lang="nl">Nederlands</prefLabel>
<prefLabel lang="de">Niederländisch</prefLabel>
<prefLabel lang="es">neerlandés (u holandés)</prefLabel>
<notation scheme="iso6392">dut</notation>
<notation scheme="iso6392">nld</notation>
</concept>
<concept about="nn">
<prefLabel lang="fr">Norvégien Nynorsk</prefLabel>
<prefLabel lang="en">Norwegian Nynorsk</prefLabel>
<prefLabel lang="nl">Nynorsk</prefLabel>
<prefLabel lang="de">Nynorsk-Norwegisch</prefLabel>
<prefLabel lang="es">nynorsk</prefLabel>
<notation scheme="iso6392">nno</notation>
</concept>
<concept about="no">
<prefLabel lang="fr">Norvégien</prefLabel>
<prefLabel lang="en">Norwegian</prefLabel>
<prefLabel lang="nl">Noors</prefLabel>
<prefLabel lang="de">Norwegisch</prefLabel>
<prefLabel lang="es">noruego </prefLabel>
<notation scheme="iso6392">nor</notation>
</concept>
<concept about="nr">
<prefLabel lang="fr">Ndébélé du Sud</prefLabel>
<prefLabel lang="en">South Ndebele</prefLabel>
<prefLabel lang="nl">Zuid-Ndebele</prefLabel>
<prefLabel lang="de">Südliches-Ndebele</prefLabel>
<prefLabel lang="es">ndebele del sur </prefLabel>
<notation scheme="iso6392">nbl</notation>
</concept>
<concept about="nv">
<prefLabel lang="fr">Navajo</prefLabel>
<prefLabel lang="en">Navajo</prefLabel>
<prefLabel lang="nl">Navajo</prefLabel>
<prefLabel lang="de">Navajo</prefLabel>
<prefLabel lang="es">navajo </prefLabel>
<notation scheme="iso6392">nav</notation>
</concept>
<concept about="ny">
<prefLabel lang="fr">Chichewa</prefLabel>
<prefLabel lang="en">Chichewa</prefLabel>
<prefLabel lang="nl">Nyanja</prefLabel>
<prefLabel lang="de">Chichewa</prefLabel>
<prefLabel lang="es">chichewa </prefLabel>
<notation scheme="iso6392">nya</notation>
</concept>
<concept about="oc">
<prefLabel lang="fr">Occitan</prefLabel>
<prefLabel lang="en">Occitan</prefLabel>
<prefLabel lang="nl">Occitaans</prefLabel>
<prefLabel lang="de">Provenzalisch</prefLabel>
<prefLabel lang="es">occitano </prefLabel>
<notation scheme="iso6392">oci</notation>
</concept>
<concept about="oj">
<prefLabel lang="fr">Ojibwé</prefLabel>
<prefLabel lang="en">Ojibwa</prefLabel>
<prefLabel lang="nl">Ojibweg</prefLabel>
<prefLabel lang="de">Anishinabe</prefLabel>
<prefLabel lang="es">ojibwa </prefLabel>
<notation scheme="iso6392">oji</notation>
</concept>
<concept about="om">
<prefLabel lang="fr">Oromo</prefLabel>
<prefLabel lang="en">Oromo</prefLabel>
<prefLabel lang="nl">Afaan_Oromo</prefLabel>
<prefLabel lang="de">Oromo</prefLabel>
<prefLabel lang="es">oromo </prefLabel>
<notation scheme="iso6392">orm</notation>
</concept>
<concept about="or">
<prefLabel lang="fr">Oriya</prefLabel>
<prefLabel lang="en">Oriya</prefLabel>
<prefLabel lang="nl">Oriya</prefLabel>
<prefLabel lang="de">Oriya</prefLabel>
<prefLabel lang="es">oriya </prefLabel>
<notation scheme="iso6392">ori</notation>
</concept>
<concept about="os">
<prefLabel lang="fr">Ossète</prefLabel>
<prefLabel lang="en">Ossetian</prefLabel>
<prefLabel lang="nl">Ossetisch</prefLabel>
<prefLabel lang="de">Ossetisch</prefLabel>
<prefLabel lang="es">osético </prefLabel>
<notation scheme="iso6392">oss</notation>
</concept>
<concept about="pa">
<prefLabel lang="fr">Panjâbî</prefLabel>
<prefLabel lang="en">Panjabi</prefLabel>
<prefLabel lang="nl">Punjabi</prefLabel>
<prefLabel lang="de">Punjabi</prefLabel>
<prefLabel lang="es">panyabí (o penyabi) </prefLabel>
<notation scheme="iso6392">pan</notation>
</concept>
<concept about="pi">
<prefLabel lang="fr">Pâli</prefLabel>
<prefLabel lang="en">Pali</prefLabel>
<prefLabel lang="nl">Pali</prefLabel>
<prefLabel lang="de">Pali</prefLabel>
<prefLabel lang="es">pali </prefLabel>
<notation scheme="iso6392">pli</notation>
</concept>
<concept about="pl">
<prefLabel lang="fr">Polonais</prefLabel>
<prefLabel lang="en">Polish</prefLabel>
<prefLabel lang="nl">Pools</prefLabel>
<prefLabel lang="de">Polnisch</prefLabel>
<prefLabel lang="es">polaco </prefLabel>
<notation scheme="iso6392">pol</notation>
</concept>
<concept about="ps">
<prefLabel lang="fr">Pachto</prefLabel>
<prefLabel lang="en">Pashto</prefLabel>
<prefLabel lang="nl">Pasjtoe, Pasjto, Pashtoe</prefLabel>
<prefLabel lang="de">Paschtunisch</prefLabel>
<prefLabel lang="es">pastú (o pashto) </prefLabel>
<notation scheme="iso6392">pus</notation>
</concept>
<concept about="pt">
<prefLabel lang="fr">Portugais</prefLabel>
<prefLabel lang="en">Portuguese</prefLabel>
<prefLabel lang="nl">Portugees</prefLabel>
<prefLabel lang="de">Portugiesisch</prefLabel>
<prefLabel lang="es">portugués </prefLabel>
<notation scheme="iso6392">por</notation>
</concept>
<concept about="qu">
<prefLabel lang="fr">Quechua</prefLabel>
<prefLabel lang="en">Quechua</prefLabel>
<prefLabel lang="nl">Quechua</prefLabel>
<prefLabel lang="de">Quechua</prefLabel>
<prefLabel lang="es">quechua </prefLabel>
<notation scheme="iso6392">que</notation>
</concept>
<concept about="rm">
<prefLabel lang="fr">Romanche</prefLabel>
<prefLabel lang="en">Raeto-Romance</prefLabel>
<prefLabel lang="nl">Reto-Romaans</prefLabel>
<prefLabel lang="de">Rätoromanisch</prefLabel>
<prefLabel lang="es">retorrománico </prefLabel>
<notation scheme="iso6392">roh</notation>
</concept>
<concept about="rn">
<prefLabel lang="fr">Kirundi</prefLabel>
<prefLabel lang="en">Kirundi</prefLabel>
<prefLabel lang="nl">Kirundi</prefLabel>
<prefLabel lang="de">Kirundi</prefLabel>
<prefLabel lang="es">kirundi </prefLabel>
<notation scheme="iso6392">run</notation>
</concept>
<concept about="ro">
<prefLabel lang="fr">Roumain</prefLabel>
<prefLabel lang="en">Romanian</prefLabel>
<prefLabel lang="nl">Roemeens</prefLabel>
<prefLabel lang="de">Rumänisch</prefLabel>
<prefLabel lang="es">rumano </prefLabel>
<notation scheme="iso6392">rum</notation>
<notation scheme="iso6392">ron</notation>
</concept>
<concept about="ru">
<prefLabel lang="fr">Russe</prefLabel>
<prefLabel lang="en">Russian</prefLabel>
<prefLabel lang="nl">Russisch</prefLabel>
<prefLabel lang="de">Russisch</prefLabel>
<prefLabel lang="es">ruso </prefLabel>
<notation scheme="iso6392">rus</notation>
</concept>
<concept about="rw">
<prefLabel lang="fr">Kinyarwanda</prefLabel>
<prefLabel lang="en">Kinyarwanda</prefLabel>
<prefLabel lang="nl">Kinyarwanda</prefLabel>
<prefLabel lang="de">Kinyarwanda</prefLabel>
<prefLabel lang="es">ruandés </prefLabel>
<notation scheme="iso6392">kin</notation>
</concept>
<concept about="sa">
<prefLabel lang="fr">Sanskrit</prefLabel>
<prefLabel lang="en">Sanskrit</prefLabel>
<prefLabel lang="nl">Sanskriet</prefLabel>
<prefLabel lang="de">Sanskrit</prefLabel>
<prefLabel lang="es">sánscrito </prefLabel>
<notation scheme="iso6392">san</notation>
</concept>
<concept about="sc">
<prefLabel lang="fr">Sarde</prefLabel>
<prefLabel lang="en">Sardinian</prefLabel>
<prefLabel lang="nl">Sardijns</prefLabel>
<prefLabel lang="de">Sardisch</prefLabel>
<prefLabel lang="es">sardo </prefLabel>
<notation scheme="iso6392">srd</notation>
</concept>
<concept about="sd">
<prefLabel lang="fr">Sindhi</prefLabel>
<prefLabel lang="en">Sindhi</prefLabel>
<prefLabel lang="nl">Sindhi</prefLabel>
<prefLabel lang="de">Sindhi</prefLabel>
<prefLabel lang="es">sindhi </prefLabel>
<notation scheme="iso6392">snd</notation>
</concept>
<concept about="se">
<prefLabel lang="fr">Same du Nord</prefLabel>
<prefLabel lang="en">Northern Sami</prefLabel>
<prefLabel lang="nl">Noord-Samisch, Noord-Laps</prefLabel>
<prefLabel lang="de">Samisch</prefLabel>
<prefLabel lang="es">sami septentrional </prefLabel>
<notation scheme="iso6392">sme</notation>
</concept>
<concept about="sg">
<prefLabel lang="fr">Sango</prefLabel>
<prefLabel lang="en">Sango</prefLabel>
<prefLabel lang="nl">Sangho</prefLabel>
<prefLabel lang="de">Sango</prefLabel>
<prefLabel lang="es">sango </prefLabel>
<notation scheme="iso6392">sag</notation>
</concept>
<concept about="sh">
<prefLabel lang="fr">Serbo-croate</prefLabel>
<prefLabel lang="en">Serbo-Croatian</prefLabel>
<prefLabel lang="nl">Servokroatisch</prefLabel>
<prefLabel lang="de">
</prefLabel>
<prefLabel lang="es">
</prefLabel>
</concept>
<concept about="si">
<prefLabel lang="fr">Cingalais</prefLabel>
<prefLabel lang="en">Sinhalese</prefLabel>
<prefLabel lang="nl">Singalees</prefLabel>
<prefLabel lang="de">Singhalesisch</prefLabel>
<prefLabel lang="es">cingalés </prefLabel>
<notation scheme="iso6392">sin</notation>
</concept>
<concept about="sk">
<prefLabel lang="fr">Slovaque</prefLabel>
<prefLabel lang="en">Slovak</prefLabel>
<prefLabel lang="nl">Slowaaks, Slovaaks</prefLabel>
<prefLabel lang="de">Slowakisch</prefLabel>
<prefLabel lang="es">eslovaco </prefLabel>
<notation scheme="iso6392">slo</notation>
<notation scheme="iso6392">slk</notation>
</concept>
<concept about="sl">
<prefLabel lang="fr">Slovène</prefLabel>
<prefLabel lang="en">Slovenian</prefLabel>
<prefLabel lang="nl">Sloveens</prefLabel>
<prefLabel lang="de">Slowenisch</prefLabel>
<prefLabel lang="es">esloveno </prefLabel>
<notation scheme="iso6392">slv</notation>
</concept>
<concept about="sm">
<prefLabel lang="fr">Samoan</prefLabel>
<prefLabel lang="en">Samoan</prefLabel>
<prefLabel lang="nl">Samoaans</prefLabel>
<prefLabel lang="de">Samoanisch</prefLabel>
<prefLabel lang="es">samoano </prefLabel>
<notation scheme="iso6392">smo</notation>
</concept>
<concept about="sn">
<prefLabel lang="fr">Shona</prefLabel>
<prefLabel lang="en">Shona</prefLabel>
<prefLabel lang="nl">Shona</prefLabel>
<prefLabel lang="de">Shona</prefLabel>
<prefLabel lang="es">shona </prefLabel>
<notation scheme="iso6392">sna</notation>
</concept>
<concept about="so">
<prefLabel lang="fr">Somali</prefLabel>
<prefLabel lang="en">Somali</prefLabel>
<prefLabel lang="nl">Somalisch</prefLabel>
<prefLabel lang="de">Somali</prefLabel>
<prefLabel lang="es">somalí </prefLabel>
<notation scheme="iso6392">som</notation>
</concept>
<concept about="sq">
<prefLabel lang="fr">Albanais</prefLabel>
<prefLabel lang="en">Albanian</prefLabel>
<prefLabel lang="nl">Albanees</prefLabel>
<prefLabel lang="de">Albanisch</prefLabel>
<prefLabel lang="es">albanés </prefLabel>
<notation scheme="iso6392">alb</notation>
<notation scheme="iso6392">sqi</notation>
</concept>
<concept about="sr">
<prefLabel lang="fr">Serbe</prefLabel>
<prefLabel lang="en">Serbian</prefLabel>
<prefLabel lang="nl">Servisch</prefLabel>
<prefLabel lang="de">Serbisch</prefLabel>
<prefLabel lang="es">serbio </prefLabel>
<notation scheme="iso6392">scc</notation>
<notation scheme="iso6392">srp</notation>
</concept>
<concept about="ss">
<prefLabel lang="fr">Siswati</prefLabel>
<prefLabel lang="en">Swati</prefLabel>
<prefLabel lang="nl">Swazi</prefLabel>
<prefLabel lang="de">Siswati</prefLabel>
<prefLabel lang="es">suazi (swati o siSwati) </prefLabel>
<notation scheme="iso6392">ssw</notation>
</concept>
<concept about="st">
<prefLabel lang="fr">Sotho du Sud</prefLabel>
<prefLabel lang="en">Sotho</prefLabel>
<prefLabel lang="nl">Zuid-Sotho</prefLabel>
<prefLabel lang="de">Sesotho</prefLabel>
<prefLabel lang="es">sesotho </prefLabel>
<notation scheme="iso6392">sot</notation>
</concept>
<concept about="su">
<prefLabel lang="fr">Sundanais</prefLabel>
<prefLabel lang="en">Sundanese</prefLabel>
<prefLabel lang="nl">Soendanees, Sundanees</prefLabel>
<prefLabel lang="de">Sundanesisch</prefLabel>
<prefLabel lang="es">sundanés </prefLabel>
<notation scheme="iso6392">sun</notation>
</concept>
<concept about="sv">
<prefLabel lang="fr">Suédois</prefLabel>
<prefLabel lang="en">Swedish</prefLabel>
<prefLabel lang="nl">Zweeds</prefLabel>
<prefLabel lang="de">Schwedisch</prefLabel>
<prefLabel lang="es">sueco </prefLabel>
<notation scheme="iso6392">swe</notation>
</concept>
<concept about="sw">
<prefLabel lang="fr">Swahili</prefLabel>
<prefLabel lang="en">Swahili</prefLabel>
<prefLabel lang="nl">Swahili</prefLabel>
<prefLabel lang="de">Swahili</prefLabel>
<prefLabel lang="es">suajili </prefLabel>
<notation scheme="iso6392">swa</notation>
</concept>
<concept about="ta">
<prefLabel lang="fr">Tamoul</prefLabel>
<prefLabel lang="en">Tamil</prefLabel>
<prefLabel lang="nl">Tamil</prefLabel>
<prefLabel lang="de">Tamilisch</prefLabel>
<prefLabel lang="es">tamil </prefLabel>
<notation scheme="iso6392">tam</notation>
</concept>
<concept about="te">
<prefLabel lang="fr">Télougou</prefLabel>
<prefLabel lang="en">Telugu</prefLabel>
<prefLabel lang="nl">Telugu, Teloegoe</prefLabel>
<prefLabel lang="de">Telugu</prefLabel>
<prefLabel lang="es">telugú </prefLabel>
<notation scheme="iso6392">tel</notation>
</concept>
<concept about="tg">
<prefLabel lang="fr">Tadjik</prefLabel>
<prefLabel lang="en">Tajik</prefLabel>
<prefLabel lang="nl">Tadzjieks</prefLabel>
<prefLabel lang="de">Tadschikisch</prefLabel>
<prefLabel lang="es">tayiko </prefLabel>
<notation scheme="iso6392">tgk</notation>
</concept>
<concept about="th">
<prefLabel lang="fr">Thaï</prefLabel>
<prefLabel lang="en">Thai</prefLabel>
<prefLabel lang="nl">Thai, Thais</prefLabel>
<prefLabel lang="de">Thailändisch</prefLabel>
<prefLabel lang="es">tailandés </prefLabel>
<notation scheme="iso6392">tha</notation>
</concept>
<concept about="ti">
<prefLabel lang="fr">Tigrinya</prefLabel>
<prefLabel lang="en">Tigrinya</prefLabel>
<prefLabel lang="nl">Tigrinya</prefLabel>
<prefLabel lang="de">Tigrinya</prefLabel>
<prefLabel lang="es">tigriña </prefLabel>
<notation scheme="iso6392">tir</notation>
</concept>
<concept about="tk">
<prefLabel lang="fr">Turkmène</prefLabel>
<prefLabel lang="en">Turkmen</prefLabel>
<prefLabel lang="nl">Turkmeens, Toerkmeens</prefLabel>
<prefLabel lang="de">Turkmenisch</prefLabel>
<prefLabel lang="es">turcomano </prefLabel>
<notation scheme="iso6392">tuk</notation>
</concept>
<concept about="tl">
<prefLabel lang="fr">Tagalog</prefLabel>
<prefLabel lang="en">Tagalog</prefLabel>
<prefLabel lang="nl">Tagalog</prefLabel>
<prefLabel lang="de">Tagalog</prefLabel>
<prefLabel lang="es">tagalo </prefLabel>
<notation scheme="iso6392">tgl</notation>
</concept>
<concept about="tn">
<prefLabel lang="fr">Tswana</prefLabel>
<prefLabel lang="en">Tswana</prefLabel>
<prefLabel lang="nl">Tswana</prefLabel>
<prefLabel lang="de">Setswana</prefLabel>
<prefLabel lang="es">setsuana </prefLabel>
<notation scheme="iso6392">tsn</notation>
</concept>
<concept about="to">
<prefLabel lang="fr">Tongien</prefLabel>
<prefLabel lang="en">Tonga</prefLabel>
<prefLabel lang="nl">Tongaans, Tonga</prefLabel>
<prefLabel lang="de">Tongaisch</prefLabel>
<prefLabel lang="es">tongano </prefLabel>
<notation scheme="iso6392">ton</notation>
</concept>
<concept about="tr">
<prefLabel lang="fr">Turc</prefLabel>
<prefLabel lang="en">Turkish</prefLabel>
<prefLabel lang="nl">Turks</prefLabel>
<prefLabel lang="de">Türkisch</prefLabel>
<prefLabel lang="es">turco </prefLabel>
<notation scheme="iso6392">tur</notation>
</concept>
<concept about="ts">
<prefLabel lang="fr">Tsonga</prefLabel>
<prefLabel lang="en">Tsonga</prefLabel>
<prefLabel lang="nl">Tsonga</prefLabel>
<prefLabel lang="de">Tsonga</prefLabel>
<prefLabel lang="es">tsonga </prefLabel>
<notation scheme="iso6392">tso</notation>
</concept>
<concept about="tt">
<prefLabel lang="fr">Tatar</prefLabel>
<prefLabel lang="en">Tatar</prefLabel>
<prefLabel lang="nl">Tataars, Tartaars</prefLabel>
<prefLabel lang="de">Tatarisch</prefLabel>
<prefLabel lang="es">tártaro </prefLabel>
<notation scheme="iso6392">tat</notation>
</concept>
<concept about="tw">
<prefLabel lang="fr">Twi</prefLabel>
<prefLabel lang="en">Twi</prefLabel>
<prefLabel lang="nl">Twi</prefLabel>
<prefLabel lang="de">Twi</prefLabel>
<prefLabel lang="es">twi </prefLabel>
<notation scheme="iso6392">twi</notation>
</concept>
<concept about="ty">
<prefLabel lang="fr">Tahitien</prefLabel>
<prefLabel lang="en">Tahitian</prefLabel>
<prefLabel lang="nl">Tahitiaans</prefLabel>
<prefLabel lang="de">Tahitianisch</prefLabel>
<prefLabel lang="es">tahitiano </prefLabel>
<notation scheme="iso6392">tah</notation>
</concept>
<concept about="ug">
<prefLabel lang="fr">Ouïghour</prefLabel>
<prefLabel lang="en">Uighur</prefLabel>
<prefLabel lang="nl">Oeigoers, Oejgoers</prefLabel>
<prefLabel lang="de">Uigurisch</prefLabel>
<prefLabel lang="es">uigur </prefLabel>
<notation scheme="iso6392">uig</notation>
</concept>
<concept about="uk">
<prefLabel lang="fr">Ukrainien</prefLabel>
<prefLabel lang="en">Urkainian</prefLabel>
<prefLabel lang="nl">Oekraïens</prefLabel>
<prefLabel lang="de">Ukrainisch</prefLabel>
<prefLabel lang="es">ucraniano </prefLabel>
<notation scheme="iso6392">ukr</notation>
</concept>
<concept about="ur">
<prefLabel lang="fr">Ourdou</prefLabel>
<prefLabel lang="en">Urdu</prefLabel>
<prefLabel lang="nl">Urdu</prefLabel>
<prefLabel lang="de">Urdu</prefLabel>
<prefLabel lang="es">urdu </prefLabel>
<notation scheme="iso6392">urd</notation>
</concept>
<concept about="uz">
<prefLabel lang="fr">Ouzbek</prefLabel>
<prefLabel lang="en">Uzbek</prefLabel>
<prefLabel lang="nl">Oezbeeks</prefLabel>
<prefLabel lang="de">Usbekisch</prefLabel>
<prefLabel lang="es">uzbeko </prefLabel>
<notation scheme="iso6392">uzb</notation>
</concept>
<concept about="ve">
<prefLabel lang="fr">Venda</prefLabel>
<prefLabel lang="en">Venda</prefLabel>
<prefLabel lang="nl">Venda</prefLabel>
<prefLabel lang="de">Venda</prefLabel>
<prefLabel lang="es">venda </prefLabel>
<notation scheme="iso6392">ven</notation>
</concept>
<concept about="vi">
<prefLabel lang="fr">Vietnamien</prefLabel>
<prefLabel lang="en">Vietnamese</prefLabel>
<prefLabel lang="nl">Vietnamees</prefLabel>
<prefLabel lang="de">Vietnamesisch</prefLabel>
<prefLabel lang="es">vietnamita </prefLabel>
<notation scheme="iso6392">vie</notation>
</concept>
<concept about="vo">
<prefLabel lang="fr">Volapük</prefLabel>
<prefLabel lang="en">Volapük</prefLabel>
<prefLabel lang="nl">Volapük, Volapuk</prefLabel>
<prefLabel lang="de">Volapük</prefLabel>
<prefLabel lang="es">volapük </prefLabel>
<notation scheme="iso6392">vol</notation>
</concept>
<concept about="wa">
<prefLabel lang="fr">Wallon</prefLabel>
<prefLabel lang="en">Walloon</prefLabel>
<prefLabel lang="nl">Waals</prefLabel>
<prefLabel lang="de">Wallonisch</prefLabel>
<prefLabel lang="es">valón </prefLabel>
<notation scheme="iso6392">wln</notation>
</concept>
<concept about="wo">
<prefLabel lang="fr">Wolof</prefLabel>
<prefLabel lang="en">Wolof</prefLabel>
<prefLabel lang="nl">Wolof</prefLabel>
<prefLabel lang="de">Wolof</prefLabel>
<prefLabel lang="es">wolof </prefLabel>
<notation scheme="iso6392">wol</notation>
</concept>
<concept about="xh">
<prefLabel lang="fr">Xhosa</prefLabel>
<prefLabel lang="en">Xhosa</prefLabel>
<prefLabel lang="nl">Xhosa</prefLabel>
<prefLabel lang="de">IsiXhosa</prefLabel>
<prefLabel lang="es">xhosa </prefLabel>
<notation scheme="iso6392">xho</notation>
</concept>
<concept about="yi">
<prefLabel lang="fr">Yiddish</prefLabel>
<prefLabel lang="en">Yiddish</prefLabel>
<prefLabel lang="nl">Jiddisch</prefLabel>
<prefLabel lang="de">Jiddisch</prefLabel>
<prefLabel lang="es">yídish (o yiddish) </prefLabel>
<notation scheme="iso6392">yid</notation>
</concept>
<concept about="yo">
<prefLabel lang="fr">Yoruba</prefLabel>
<prefLabel lang="en">Yoruba</prefLabel>
<prefLabel lang="nl">Yoruba</prefLabel>
<prefLabel lang="de">Yoruba</prefLabel>
<prefLabel lang="es">yoruba </prefLabel>
<notation scheme="iso6392">yor</notation>
</concept>
<concept about="za">
<prefLabel lang="fr">Zhuang</prefLabel>
<prefLabel lang="en">Zhuang</prefLabel>
<prefLabel lang="nl">Zhuang, Tsjoeang</prefLabel>
<prefLabel lang="de">Zhuang</prefLabel>
<prefLabel lang="es">chuan (o zhuang) </prefLabel>
<notation scheme="iso6392">zha</notation>
</concept>
<concept about="zh">
<prefLabel lang="fr">Chinois</prefLabel>
<prefLabel lang="en">Chinese</prefLabel>
<prefLabel lang="nl">Chinees</prefLabel>
<prefLabel lang="de">Chinesisch</prefLabel>
<prefLabel lang="es">chino </prefLabel>
<notation scheme="iso6392">chi</notation>
<notation scheme="iso6392">zho</notation>
</concept>
<concept about="zu">
<prefLabel lang="fr">Zoulou</prefLabel>
<prefLabel lang="en">Zulu</prefLabel>
<prefLabel lang="nl">Zoeloe</prefLabel>
<prefLabel lang="de">IsiZulu</prefLabel>
<prefLabel lang="es">zulú </prefLabel>
<notation scheme="iso6392">zul</notation>
</concept>
</conceptScheme>
