<?xml version="1.0" encoding="ISO-8859-1"?><conceptScheme about="prefixes">
<title lang="en">Prefixes</title>
<title lang="fr">Pr�fixes</title>
<concept about="paper">
<prefLabel lang="fr">Papier</prefLabel>
<prefLabel lang="en">Paper</prefLabel>
<prefLabel lang="nl">Papier</prefLabel>
</concept>
<concept about="electronic">
<prefLabel lang="fr">�lectronique</prefLabel>
<prefLabel lang="en">Electronic</prefLabel>
</concept>
<concept about="seealso"><prefLabel lang="en">See also</prefLabel></concept>
<concept about="commentin"><prefLabel lang="en">Commented by</prefLabel></concept>
<concept about="commenton"><prefLabel lang="en">Commenting</prefLabel></concept>
<concept about="erratumin"><prefLabel lang="en">Has erratum</prefLabel></concept>
<concept about="erratumfor"><prefLabel lang="en">Erratum for</prefLabel></concept>
<concept about="correctedrepublishedin"><prefLabel lang="en">Corrected and Republished in</prefLabel></concept>
<concept about="correctedrepublishedfrom"><prefLabel lang="en">Correction and Republication for</prefLabel></concept>
<concept about="republishedin"><prefLabel lang="en">Republished in</prefLabel></concept>
<concept about="republishedfrom"><prefLabel lang="en">Republication for</prefLabel></concept>
<concept about="reprintin"><prefLabel lang="en">Reprint in</prefLabel></concept>
<concept about="reprintof"><prefLabel lang="en">Reprint of</prefLabel></concept>
<concept about="retractionin"><prefLabel lang="en">Retraction in</prefLabel></concept>
<concept about="retractionof"><prefLabel lang="en">Retraction for</prefLabel></concept>
<concept about="partialretractionin"><prefLabel lang="en">Partial Retraction in</prefLabel></concept>
<concept about="partialretractionof"><prefLabel lang="en">Partial Retraction for</prefLabel></concept>
<concept about="updatein"><prefLabel lang="en">Updated in</prefLabel></concept>
<concept about="updateof"><prefLabel lang="en">Update for</prefLabel></concept>
<concept about="summaryforpatientsin"><prefLabel lang="en">Summary for patient in</prefLabel></concept>
<concept about="originalreportin"><prefLabel lang="en">Original report in</prefLabel></concept>
</conceptScheme>