﻿<?xml version="1.0"?>
<conceptScheme about="profiles">
<title lang="nl">Profielen</title>
<title lang="en">Users' profiles</title>
<title lang="fr">Profils d'utilisation</title>
<profile about="guest">
<prefLabel lang="en">guest</prefLabel>
<prefLabel lang="fr">invité</prefLabel>
<prefLabel lang="nl">genodigde</prefLabel>
<application>askosi</application>
<application>dspace</application>
<role>broadMatch</role>
<role>narrowMatch</role>
<role>related</role>
<role>relatedMatch</role>
<role>keyword</role>
</profile>
<profile about="BIBLIO">
<prefLabel lang="en">Information Managers</prefLabel>
<prefLabel lang="fr">Documentalistes</prefLabel>
<prefLabel lang="nl">Documentalisten</prefLabel>
<application>askosi</application>
<application>bibl</application>
<role>broadMatch</role>
<role>narrowMatch</role>
<role>related</role>
<role>relatedMatch</role>
<role>keyword</role>
<role>series</role>
<role>pubtype</role>
</profile>
</conceptScheme>
