<?xml version="1.0" encoding="utf-8"?>
<?xml-stylesheet type="text/xsl" href="skosrdf2html.xslt"?>
<rdf:RDF xmlns="http://metadataregistry.org/uri/RegStatus/"
     xml:base="http://metadataregistry.org/uri/RegStatus"
     xmlns:dc="http://purl.org/dc/elements/1.1/"
     xmlns:dcterms="http://purl.org/dc/terms/"
     xmlns:xsd="http://www.w3.org/2001/XMLSchema#"
     xmlns:skos="http://www.w3.org/2004/02/skos/core#"
     xmlns:rdfs="http://www.w3.org/2000/01/rdf-schema#"
     xmlns:rdf="http://www.w3.org/1999/02/22-rdf-syntax-ns#"
     xmlns:zbwext="http://zbw.eu/namespaces/skos-extensions/"
>    <skos:ConceptScheme rdf:about="http://metadataregistry.org/uri/RegStatus">
        <dc:title xml:lang="en">Status</dc:title>
        <dc:title xml:lang="fr">Statut</dc:title>
        <dc:title xml:lang="nl">Status</dc:title>
        <skos:hasTopConcept rdf:resource="http://metadataregistry.org/uri/RegStatus/New_Proposed"/>
        <skos:hasTopConcept rdf:resource="http://metadataregistry.org/uri/RegStatus/New_Under_Review"/>
        <skos:hasTopConcept rdf:resource="http://metadataregistry.org/uri/RegStatus/Published"/>
        <skos:hasTopConcept rdf:resource="http://metadataregistry.org/uri/RegStatus/Change_Proposed"/>
        <skos:hasTopConcept rdf:resource="http://metadataregistry.org/uri/RegStatus/Change_Under_Review"/>
        <skos:hasTopConcept rdf:resource="http://metadataregistry.org/uri/RegStatus/Deprecate_Proposed"/>
        <skos:hasTopConcept rdf:resource="http://metadataregistry.org/uri/RegStatus/Deprecate_Under_Review"/>
        <skos:hasTopConcept rdf:resource="http://metadataregistry.org/uri/RegStatus/Deprecated"/>
        <skos:hasTopConcept rdf:resource="http://metadataregistry.org/uri/RegStatus/Not_Approved"/>
    </skos:ConceptScheme>
    <skos:Concept rdf:about="http://metadataregistry.org/uri/RegStatus/New_Proposed">
        <skos:inScheme rdf:resource="http://metadataregistry.org/uri/RegStatus"/>
        <skos:prefLabel xml:lang="en">New-Proposed</skos:prefLabel>
        <skos:prefLabel xml:lang="fr">Ajout proposé</skos:prefLabel>
        <skos:prefLabel xml:lang="nl">Nieuw-voorgesteld</skos:prefLabel>
        
    </skos:Concept>
    <skos:Concept rdf:about="http://metadataregistry.org/uri/RegStatus/New_Under_Review">
        <skos:inScheme rdf:resource="http://metadataregistry.org/uri/RegStatus"/>
        <skos:prefLabel xml:lang="en">New-Under Review</skos:prefLabel>
        <skos:prefLabel xml:lang="fr">Ajout en cours de validation</skos:prefLabel>
        <skos:prefLabel xml:lang="nl">Nieuw-nog te bekijken</skos:prefLabel>
        
    </skos:Concept>
    <skos:Concept rdf:about="http://metadataregistry.org/uri/RegStatus/Published">
        <skos:inScheme rdf:resource="http://metadataregistry.org/uri/RegStatus"/>
        <skos:prefLabel xml:lang="en">Published</skos:prefLabel>
        <skos:prefLabel xml:lang="fr">Publié</skos:prefLabel>
        <skos:prefLabel xml:lang="nl">Gepubliceerd</skos:prefLabel>
        
    </skos:Concept>
    <skos:Concept rdf:about="http://metadataregistry.org/uri/RegStatus/Change_Proposed">
        <skos:inScheme rdf:resource="http://metadataregistry.org/uri/RegStatus"/>
        <skos:prefLabel xml:lang="en">Change-Proposed</skos:prefLabel>
        <skos:prefLabel xml:lang="fr">Modification proposée</skos:prefLabel>
        <skos:prefLabel xml:lang="nl">Wijziging-voorgesteld</skos:prefLabel>
        
    </skos:Concept>
    <skos:Concept rdf:about="http://metadataregistry.org/uri/RegStatus/Change_Under_Review">
        <skos:inScheme rdf:resource="http://metadataregistry.org/uri/RegStatus"/>
        <skos:prefLabel xml:lang="en">Change-Under Review</skos:prefLabel>
        <skos:prefLabel xml:lang="fr">Modification en cours de validation</skos:prefLabel>
        <skos:prefLabel xml:lang="nl">Wijziging-nog te bekijken</skos:prefLabel>
        
    </skos:Concept>
    <skos:Concept rdf:about="http://metadataregistry.org/uri/RegStatus/Deprecate_Proposed">
        <skos:inScheme rdf:resource="http://metadataregistry.org/uri/RegStatus"/>
        <skos:prefLabel xml:lang="en">Deprecate-Proposed</skos:prefLabel>
        <skos:prefLabel xml:lang="fr">Retrait proposé</skos:prefLabel>
        <skos:prefLabel xml:lang="nl">Afkeuring-voorgesteld</skos:prefLabel>
        
    </skos:Concept>
    <skos:Concept rdf:about="http://metadataregistry.org/uri/RegStatus/Deprecate_Under_Review">
        <skos:inScheme rdf:resource="http://metadataregistry.org/uri/RegStatus"/>
        <skos:prefLabel xml:lang="en">Deprecate-Under Review</skos:prefLabel>
        <skos:prefLabel xml:lang="fr">Retrait en cours de validation</skos:prefLabel>
        <skos:prefLabel xml:lang="nl">Afkeuring-nog te bekijken</skos:prefLabel>
        
    </skos:Concept>
    <skos:Concept rdf:about="http://metadataregistry.org/uri/RegStatus/Deprecated">
        <skos:inScheme rdf:resource="http://metadataregistry.org/uri/RegStatus"/>
        <skos:prefLabel xml:lang="en">Deprecated</skos:prefLabel>
        <skos:prefLabel xml:lang="fr">Retiré</skos:prefLabel>
        <skos:prefLabel xml:lang="nl">Afgekeurd</skos:prefLabel>
        
    </skos:Concept>
    <skos:Concept rdf:about="http://metadataregistry.org/uri/RegStatus/Not_Approved">
        <skos:inScheme rdf:resource="http://metadataregistry.org/uri/RegStatus"/>
        <skos:prefLabel xml:lang="en">Not Approved</skos:prefLabel>
        <skos:prefLabel xml:lang="fr">Rejeté</skos:prefLabel>
        <skos:prefLabel xml:lang="nl">Niet goedgekeurd</skos:prefLabel>
        
    </skos:Concept>

</rdf:RDF>
