﻿<?xml version="1.0"?>
<conceptScheme about="status">
<namespace>http://metadataregistry.org/uri/RegStatus</namespace>
<title lang="en">Status</title>
<title lang="fr">Statut</title>
<title lang="nl">Status</title>
<concept about="New_Proposed" sortKey="1">
<prefLabel lang="en">New-Proposed</prefLabel>
<prefLabel lang="fr">Ajout proposé</prefLabel>
<prefLabel lang="nl">Nieuw-voorgesteld</prefLabel>
<icon>image/status/help.png</icon>
</concept>
<concept about="New_Under_Review" sortKey="2">
<prefLabel lang="en">New-Under Review</prefLabel>
<prefLabel lang="fr">Ajout en cours de validation</prefLabel>
<prefLabel lang="nl">Nieuw-nog te bekijken</prefLabel>
<icon>image/status/information.png</icon>
</concept>
<concept about="Published" sortKey="3">
<prefLabel lang="en">Published</prefLabel>
<prefLabel lang="fr">Publié</prefLabel>
<prefLabel lang="nl">Gepubliceerd</prefLabel>
<icon>image/status/checkmark.png</icon>
</concept>
<concept about="Change_Proposed" sortKey="4">
<prefLabel lang="en">Change-Proposed</prefLabel>
<prefLabel lang="fr">Modification proposée</prefLabel>
<prefLabel lang="nl">Wijziging-voorgesteld</prefLabel>
<icon>image/status/warning_proposed.png</icon>
</concept>
<concept about="Change_Under_Review" sortKey="5">
<prefLabel lang="en">Change-Under Review</prefLabel>
<prefLabel lang="fr">Modification en cours de validation</prefLabel>
<prefLabel lang="nl">Wijziging-nog te bekijken</prefLabel>
<icon>image/status/warning.png</icon>
</concept>
<concept about="Deprecate_Proposed" sortKey="6">
<prefLabel lang="en">Deprecate-Proposed</prefLabel>
<prefLabel lang="fr">Retrait proposé</prefLabel>
<prefLabel lang="nl">Afkeuring-voorgesteld</prefLabel>
<icon>image/status/forbidden_proposed.png</icon>
</concept>
<concept about="Deprecate_Under_Review" sortKey="7">
<prefLabel lang="en">Deprecate-Under Review</prefLabel>
<prefLabel lang="fr">Retrait en cours de validation</prefLabel>
<prefLabel lang="nl">Afkeuring-nog te bekijken</prefLabel>
<icon>image/status/forbidden_review.png</icon>
</concept>
<concept about="Deprecated" sortKey="8">
<prefLabel lang="en">Deprecated</prefLabel>
<prefLabel lang="fr">Retiré</prefLabel>
<prefLabel lang="nl">Afgekeurd</prefLabel>
<icon>image/status/error.png</icon>
</concept>
<concept about="Not_Approved" sortKey="9">
<prefLabel lang="en">Not Approved</prefLabel>
<prefLabel lang="fr">Rejeté</prefLabel>
<prefLabel lang="nl">Niet goedgekeurd</prefLabel>
<icon>image/status/forbidden.png</icon>
</concept>
</conceptScheme>
