<?xml version="1.0" encoding="ISO-8859-1"?>
<conceptScheme about="suffixes">
<title lang="en">Suffixes</title>
<title lang="fr">Suffixes</title>
<concept about="delayed"><prefLabel lang="en">delayed</prefLabel></concept>
<concept about="metabolite"><prefLabel lang="en">metabolite</prefLabel></concept>
<concept about="analysis"><prefLabel lang="en">analysis</prefLabel></concept>
<concept about="blood"><prefLabel lang="en">blood</prefLabel><broader>analysis</broader><broader>analysis</broader></concept>
<concept about="cerebrospinal_fluid"><prefLabel lang="en">cerebrospinal fluid</prefLabel><broader>analysis</broader></concept>
<concept about="isolation_and_purification"><prefLabel lang="en">isolation &amp; purification</prefLabel><broader>analysis</broader></concept>
<concept about="urine"><prefLabel lang="en">urine</prefLabel><broader>analysis</broader></concept>
<concept about="anatomy_and_histology"><prefLabel lang="en">anatomy &amp; histology</prefLabel></concept>
<concept about="blood_supply"><prefLabel lang="en">blood supply</prefLabel><broader>anatomy_and_histology</broader></concept>
<concept about="cytology"><prefLabel lang="en">cytology</prefLabel><broader>anatomy_and_histology</broader></concept>
<concept about="pathology"><prefLabel lang="en">pathology</prefLabel><broader>cytology</broader></concept>
<concept about="ultrastructure"><prefLabel lang="en">ultrastructure</prefLabel><broader>cytology</broader></concept>
<concept about="embryology"><prefLabel lang="en">embryology</prefLabel><broader>anatomy_and_histology</broader></concept>
<concept about="abnormalities"><prefLabel lang="en">abnormalities</prefLabel><broader>embryology</broader></concept>
<concept about="innervation"><prefLabel lang="en">innervation</prefLabel><broader>anatomy_and_histology</broader></concept>
<concept about="chemistry"><prefLabel lang="en">chemistry</prefLabel></concept>
<concept about="agonists"><prefLabel lang="en">agonists</prefLabel><broader>chemistry</broader></concept>
<concept about="analogs_and_derivatives"><prefLabel lang="en">analogs &amp; derivatives</prefLabel><broader>chemistry</broader></concept>
<concept about="antagonists_and_inhibitors"><prefLabel lang="en">antagonists &amp; inhibitors</prefLabel><broader>chemistry</broader></concept>
<concept about="chemical_synthesis"><prefLabel lang="en">chemical synthesis</prefLabel><broader>chemistry</broader></concept>
<concept about="diagnosis"><prefLabel lang="en">diagnosis</prefLabel></concept>
<concept about="pathology"><prefLabel lang="en">pathology</prefLabel><broader>diagnosis</broader></concept>
<concept about="radiography"><prefLabel lang="en">radiography</prefLabel><broader>diagnosis</broader></concept>
<concept about="radionuclide_imaging"><prefLabel lang="en">radionuclide imaging</prefLabel><broader>diagnosis</broader></concept>
<concept about="ultrasonography"><prefLabel lang="en">ultrasonography</prefLabel><broader>diagnosis</broader></concept>
<concept about="etiology"><prefLabel lang="en">etiology</prefLabel></concept>
<concept about="chemically_induced"><prefLabel lang="en">chemically induced</prefLabel><broader>etiology</broader></concept>
<concept about="complications"><prefLabel lang="en">complications</prefLabel><broader>etiology</broader></concept>
<concept about="secondary"><prefLabel lang="en">secondary</prefLabel><broader>complications</broader></concept>
<concept about="congenital"><prefLabel lang="en">congenital</prefLabel><broader>etiology</broader></concept>
<concept about="embryology"><prefLabel lang="en">embryology</prefLabel><broader>etiology</broader></concept>
<concept about="genetics"><prefLabel lang="en">genetics</prefLabel><broader>etiology</broader></concept>
<concept about="immunology"><prefLabel lang="en">immunology</prefLabel><broader>etiology</broader></concept>
<concept about="microbiology"><prefLabel lang="en">microbiology</prefLabel><broader>etiology</broader></concept>
<concept about="virology"><prefLabel lang="en">virology</prefLabel><broader>microbiology</broader></concept>
<concept about="parasitology"><prefLabel lang="en">parasitology</prefLabel><broader>etiology</broader></concept>
<concept about="transmission"><prefLabel lang="en">transmission</prefLabel><broader>etiology</broader></concept>
<concept about="organization_and_administration"><prefLabel lang="en">organization &amp; administration</prefLabel></concept>
<concept about="economics"><prefLabel lang="en">economics</prefLabel><broader>organization_and_administration</broader></concept>
<concept about="legislation_and_jurisprudence"><prefLabel lang="en">legislation &amp; jurisprudence</prefLabel><broader>organization_and_administration</broader></concept>
<concept about="manpower"><prefLabel lang="en">manpower</prefLabel><broader>organization_and_administration</broader></concept>
<concept about="standards"><prefLabel lang="en">standards</prefLabel><broader>organization_and_administration</broader></concept>
<concept about="supply_and_distribution"><prefLabel lang="en">supply &amp; distribution</prefLabel><broader>organization_and_administration</broader></concept>
<concept about="trends"><prefLabel lang="en">trends</prefLabel><broader>organization_and_administration</broader></concept>
<concept about="utilization"><prefLabel lang="en">utilization</prefLabel><broader>organization_and_administration</broader></concept>
<concept about="pharmacology"><prefLabel lang="en">pharmacology</prefLabel></concept>
<concept about="administration_and_dosage"><prefLabel lang="en">administration &amp; dosage</prefLabel><broader>pharmacology</broader></concept>
<concept about="adverse_effects"><prefLabel lang="en">adverse effects</prefLabel><broader>pharmacology</broader></concept>
<concept about="poisoning"><prefLabel lang="en">poisoning</prefLabel><broader>adverse_effects</broader></concept>
<concept about="toxicity"><prefLabel lang="en">toxicity</prefLabel><broader>adverse_effects</broader></concept>
<concept about="agonists"><prefLabel lang="en">agonists</prefLabel><broader>pharmacology</broader></concept>
<concept about="antagonists_and_inhibitors"><prefLabel lang="en">antagonists &amp; inhibitors</prefLabel><broader>pharmacology</broader></concept>
<concept about="contraindications"><prefLabel lang="en">contraindications</prefLabel><broader>pharmacology</broader></concept>
<concept about="diagnostic_use"><prefLabel lang="en">diagnostic use</prefLabel><broader>pharmacology</broader></concept>
<concept about="pharmacokinetics"><prefLabel lang="en">pharmacokinetics</prefLabel><broader>pharmacology</broader></concept>
<concept about="physiology"><prefLabel lang="en">physiology</prefLabel></concept>
<concept about="genetics"><prefLabel lang="en">genetics</prefLabel><broader>physiology</broader></concept>
<concept about="growth_and_development"><prefLabel lang="en">growth &amp; development</prefLabel><broader>physiology</broader></concept>
<concept about="immunology"><prefLabel lang="en">immunology</prefLabel><broader>physiology</broader></concept>
<concept about="metabolism"><prefLabel lang="en">metabolism</prefLabel><broader>physiology</broader></concept>
<concept about="biosynthesis"><prefLabel lang="en">biosynthesis</prefLabel><broader>metabolism</broader></concept>
<concept about="blood"><prefLabel lang="en">blood</prefLabel><broader>metabolism</broader></concept>
<concept about="cerebrospinal_fluid"><prefLabel lang="en">cerebrospinal fluid</prefLabel><broader>metabolism</broader></concept>
<concept about="deficiency"><prefLabel lang="en">deficiency</prefLabel><broader>metabolism</broader></concept>
<concept about="enzymology"><prefLabel lang="en">enzymology</prefLabel><broader>metabolism</broader></concept>
<concept about="pharmacokinetics"><prefLabel lang="en">pharmacokinetics</prefLabel><broader>metabolism</broader></concept>
<concept about="urine"><prefLabel lang="en">urine</prefLabel><broader>metabolism</broader></concept>
<concept about="physiopathology"><prefLabel lang="en">physiopathology</prefLabel><broader>physiology</broader></concept>
<concept about="secretion"><prefLabel lang="en">secretion</prefLabel><broader>physiology</broader></concept>
<concept about="statistics_and_numerical_data"><prefLabel lang="en">statistics &amp; numerical data</prefLabel></concept>
<concept about="epidemiology"><prefLabel lang="en">epidemiology</prefLabel><broader>statistics_and_numerical_data</broader></concept>
<concept about="ethnology"><prefLabel lang="en">ethnology</prefLabel><broader>epidemiology</broader></concept>
<concept about="mortality"><prefLabel lang="en">mortality</prefLabel><broader>epidemiology</broader></concept>
<concept about="supply_and_distribution"><prefLabel lang="en">supply &amp; distribution</prefLabel><broader>statistics_and_numerical_data</broader></concept>
<concept about="utilization"><prefLabel lang="en">utilization</prefLabel><broader>statistics_and_numerical_data</broader></concept>
<concept about="therapeutic_use"><prefLabel lang="en">therapeutic use</prefLabel></concept>
<concept about="administration_and_dosage"><prefLabel lang="en">administration &amp; dosage</prefLabel><broader>therapeutic_use</broader></concept>
<concept about="adverse_effects"><prefLabel lang="en">adverse effects</prefLabel><broader>therapeutic_use</broader></concept>
<concept about="contraindications"><prefLabel lang="en">contraindications</prefLabel><broader>therapeutic_use</broader></concept>
<concept about="therapy"><prefLabel lang="en">therapy</prefLabel></concept>
<concept about="diet_therapy"><prefLabel lang="en">diet therapy</prefLabel><broader>therapy</broader></concept>
<concept about="drug_therapy"><prefLabel lang="en">drug therapy</prefLabel><broader>therapy</broader></concept>
<concept about="nursing"><prefLabel lang="en">nursing</prefLabel><broader>therapy</broader></concept>
<concept about="prevention_and_control"><prefLabel lang="en">prevention &amp; control</prefLabel><broader>therapy</broader></concept>
<concept about="radiotherapy"><prefLabel lang="en">radiotherapy</prefLabel><broader>therapy</broader></concept>
<concept about="rehabilitation"><prefLabel lang="en">rehabilitation</prefLabel><broader>therapy</broader></concept>
<concept about="surgery"><prefLabel lang="en">surgery</prefLabel><broader>therapy</broader></concept>
<concept about="transplantation"><prefLabel lang="en">transplantation</prefLabel><broader>surgery</broader></concept>
<concept about="classification"><prefLabel lang="en">classification</prefLabel></concept>
<concept about="drug_effects"><prefLabel lang="en">drug effects</prefLabel></concept>
<concept about="education"><prefLabel lang="en">education</prefLabel></concept>
<concept about="ethics"><prefLabel lang="en">ethics</prefLabel></concept>
<concept about="history"><prefLabel lang="en">history</prefLabel></concept>
<concept about="injuries"><prefLabel lang="en">injuries</prefLabel></concept>
<concept about="instrumentation"><prefLabel lang="en">instrumentation</prefLabel></concept>
<concept about="methods"><prefLabel lang="en">methods</prefLabel></concept>
<concept about="pathogenicity"><prefLabel lang="en">pathogenicity</prefLabel></concept>
<concept about="psychology"><prefLabel lang="en">psychology</prefLabel></concept>
<concept about="radiation_effects"><prefLabel lang="en">radiation effects</prefLabel></concept>
<concept about="veterinary"><prefLabel lang="en">veterinary</prefLabel></concept>
</conceptScheme>